u,v,weights
0,1313,(4457;1)
0,1314,(4831;1)
1,149,(21123;1)
1,1313,(22789;1)
2,680,(365;1)
2,681,(312;1)
3,575,(2746;1)
3,1252,(1028;1)
4,1009,(13008;1)
4,1247,(976;1)
5,6,(81428;1)
5,72,(8723;1)
5,1701,(51254;1)
6,5,(81428;1)
6,189,(16278;1)
7,151,(26046;1)
7,205,(16494;1)
7,239,(29851;1)
8,392,(6141;1)
8,1179,(7513;1)
9,213,(27997;1)
9,466,(82996;1)
10,329,(11009;1)
10,531,(33892;1)
11,336,(13895;1)
11,527,(32778;1)
11,556,(16451;1)
12,465,(4787;1)
12,1396,(2061;1)
12,1467,(5476;1)
13,159,(38040;1)
13,1490,(45087;1)
14,22,(7899;1)
14,1525,(4896;1)
14,1526,(4062;1)
14,1797,(2818;1)
15,16,(17768;1)
15,177,(26980;1)
15,1443,(3299;1)
16,15,(17768;1)
16,17,(33477;1)
16,1442,(2432;1)
16,1474,(4811;1)
17,16,(33477;1)
17,1394,(10274;1)
17,1451,(3181;1)
17,1472,(2219;1)
18,19,(64700;1)
18,172,(35013;1)
18,197,(2127;1)
19,18,(64700;1)
19,20,(22511;1)
19,59,(5737;1)
20,19,(22511;1)
20,158,(56998;1)
20,199,(6295;1)
21,194,(41693;1)
21,1715,(2818;1)
21,1733,(3748;1)
22,14,(7899;1)
22,743,(7961;1)
22,1310,(8781;1)
22,1670,(6620;1)
23,24,(22479;1)
23,1310,(36722;1)
24,23,(22479;1)
24,194,(6109;1)
24,1514,(3500;1)
25,714,(1010;1)
25,765,(1081;1)
26,221,(16059;1)
26,222,(2003;1)
26,469,(1722;1)
26,736,(1735;1)
27,839,(12880;1)
27,1715,(2623;1)
27,1716,(4012;1)
27,1750,(3350;1)
28,476,(10830;1)
28,770,(6703;1)
29,30,(42716;1)
29,1796,(25791;1)
30,29,(42716;1)
30,866,(50535;1)
31,32,(21779;1)
31,1154,(78537;1)
32,31,(21779;1)
32,33,(6078;1)
33,32,(6078;1)
33,1156,(2506;1)
34,35,(24699;1)
34,1156,(16574;1)
35,34,(24699;1)
35,1528,(24415;1)
36,348,(7758;1)
36,398,(21847;1)
36,877,(15749;1)
37,346,(20492;1)
37,874,(3678;1)
38,1015,(4524;1)
38,1152,(11777;1)
38,1435,(3448;1)
39,1362,(3320;1)
39,1363,(2263;1)
39,1426,(9513;1)
39,1427,(12008;1)
40,1180,(11449;1)
40,1331,(4567;1)
40,1360,(2968;1)
40,1399,(4347;1)
41,408,(9194;1)
41,1330,(6171;1)
42,118,(37215;1)
42,354,(8585;1)
43,44,(11746;1)
43,204,(24002;1)
44,43,(11746;1)
44,477,(3201;1)
44,763,(3466;1)
45,797,(49502;1)
45,1140,(23332;1)
46,1141,(19712;1)
46,1658,(31234;1)
47,1139,(9570;1)
47,1591,(3171;1)
47,1658,(7208;1)
48,174,(35853;1)
48,1702,(40161;1)
49,1165,(4308;1)
49,1697,(3618;1)
49,1699,(4949;1)
49,1705,(3512;1)
50,1160,(34462;1)
50,1800,(33269;1)
51,390,(5158;1)
51,1160,(10619;1)
51,1606,(4997;1)
52,53,(25474;1)
52,1161,(37739;1)
52,1603,(3017;1)
52,1640,(2831;1)
53,52,(25474;1)
53,519,(25115;1)
54,55,(28623;1)
54,519,(11155;1)
54,1550,(3850;1)
55,54,(28623;1)
55,518,(15375;1)
56,994,(2157;1)
56,1182,(3710;1)
57,949,(13644;1)
57,972,(15187;1)
58,949,(8368;1)
58,1591,(21938;1)
59,19,(5737;1)
59,196,(30542;1)
59,197,(70335;1)
59,1150,(17118;1)
59,1305,(2966;1)
60,370,(51563;1)
60,1150,(17254;1)
61,1278,(12119;1)
61,1283,(19860;1)
62,1277,(5851;1)
62,1283,(8356;1)
63,1276,(4857;1)
63,1277,(12937;1)
64,470,(15502;1)
64,472,(17244;1)
65,551,(13022;1)
65,861,(32876;1)
66,75,(38402;1)
66,1100,(2274;1)
67,84,(5532;1)
67,281,(4868;1)
67,283,(35959;1)
68,1199,(4028;1)
68,1200,(4516;1)
69,439,(13179;1)
69,1032,(10980;1)
69,1206,(5075;1)
70,779,(5511;1)
70,1202,(11489;1)
70,1212,(10631;1)
71,1180,(12415;1)
71,1426,(12204;1)
72,5,(8723;1)
73,75,(13762;1)
73,175,(10200;1)
74,767,(6098;1)
74,1286,(10423;1)
74,1765,(6708;1)
74,1782,(5250;1)
75,66,(38402;1)
75,73,(13762;1)
75,89,(5920;1)
75,761,(34525;1)
76,362,(36959;1)
76,434,(18349;1)
76,562,(2834;1)
76,564,(3826;1)
77,1279,(3690;1)
77,1280,(4084;1)
78,166,(38377;1)
78,785,(32991;1)
78,787,(79038;1)
79,381,(9244;1)
79,783,(5438;1)
79,784,(5061;1)
80,1091,(34425;1)
80,1787,(59625;1)
80,1793,(25355;1)
81,121,(40645;1)
81,122,(28143;1)
81,1755,(2761;1)
81,1771,(4712;1)
82,528,(35561;1)
83,84,(7405;1)
83,855,(5110;1)
83,1794,(5297;1)
84,67,(5532;1)
84,83,(7405;1)
85,1752,(13634;1)
85,1786,(3982;1)
86,858,(18873;1)
86,860,(26810;1)
87,781,(37125;1)
87,859,(13005;1)
88,284,(8550;1)
89,75,(5920;1)
89,766,(7843;1)
89,1752,(18066;1)
90,1130,(4975;1)
90,1131,(7781;1)
90,1135,(10527;1)
90,1137,(13966;1)
91,907,(40178;1)
91,1129,(8213;1)
91,1558,(3065;1)
91,1577,(4068;1)
92,186,(28945;1)
92,209,(18401;1)
93,208,(17057;1)
93,938,(17239;1)
93,1542,(14517;1)
94,338,(7701;1)
94,339,(7907;1)
94,394,(10771;1)
95,1256,(3705;1)
95,1720,(8547;1)
95,1721,(10262;1)
96,113,(58312;1)
96,117,(52190;1)
96,1051,(26306;1)
96,1751,(3665;1)
97,1698,(4996;1)
97,1710,(2635;1)
98,235,(16982;1)
98,1061,(12348;1)
99,142,(9318;1)
99,729,(5345;1)
100,144,(16918;1)
100,231,(3925;1)
101,1132,(3301;1)
101,1134,(28215;1)
101,1312,(36245;1)
102,103,(71180;1)
102,107,(53385;1)
102,276,(41059;1)
103,102,(71180;1)
103,1281,(13171;1)
104,543,(44751;1)
104,728,(17614;1)
105,106,(19704;1)
105,809,(3492;1)
106,105,(19704;1)
106,107,(41641;1)
107,102,(53385;1)
107,106,(41641;1)
107,126,(8130;1)
108,374,(14723;1)
109,1138,(3329;1)
109,1139,(9020;1)
109,1570,(3591;1)
110,1134,(5041;1)
110,1137,(37637;1)
110,1271,(2760;1)
111,121,(25437;1)
111,320,(54059;1)
111,1777,(5212;1)
112,137,(24943;1)
112,798,(4300;1)
112,1239,(3676;1)
113,96,(58312;1)
113,137,(27238;1)
113,1061,(6431;1)
113,1062,(10599;1)
114,130,(65096;1)
114,227,(43959;1)
114,1055,(63123;1)
114,1700,(39828;1)
115,290,(32676;1)
115,418,(23247;1)
115,902,(75622;1)
116,117,(35966;1)
116,745,(39064;1)
116,798,(18713;1)
117,96,(52190;1)
117,116,(35966;1)
117,1514,(60130;1)
118,42,(37215;1)
118,119,(32656;1)
118,775,(3601;1)
119,118,(32656;1)
119,724,(14987;1)
120,397,(12862;1)
120,866,(33949;1)
120,1532,(5514;1)
121,81,(40645;1)
121,111,(25437;1)
121,1764,(3549;1)
121,1770,(3229;1)
122,81,(28143;1)
122,131,(30123;1)
122,1754,(2846;1)
122,1769,(3719;1)
123,547,(54355;1)
123,747,(28672;1)
124,125,(36204;1)
124,166,(11276;1)
125,124,(36204;1)
125,126,(46701;1)
126,107,(8130;1)
126,125,(46701;1)
127,128,(78032;1)
127,130,(50740;1)
127,234,(94907;1)
127,1004,(61287;1)
128,127,(78032;1)
128,225,(27510;1)
128,1720,(38755;1)
129,1698,(57147;1)
129,1705,(60478;1)
129,1709,(3034;1)
129,1727,(4942;1)
130,114,(65096;1)
130,127,(50740;1)
130,935,(6887;1)
130,1726,(49219;1)
131,122,(30123;1)
131,1286,(35237;1)
131,1773,(3844;1)
132,429,(17436;1)
132,752,(8747;1)
132,754,(13338;1)
133,234,(34505;1)
133,418,(43376;1)
133,748,(10752;1)
133,1021,(45025;1)
134,755,(6885;1)
134,756,(17498;1)
135,755,(71575;1)
135,1126,(6563;1)
136,232,(25022;1)
136,443,(9611;1)
137,112,(24943;1)
137,113,(27238;1)
137,1241,(14609;1)
138,139,(3932;1)
138,236,(8981;1)
139,138,(3932;1)
139,140,(24058;1)
140,139,(24058;1)
140,141,(21683;1)
141,140,(21683;1)
141,143,(30377;1)
141,822,(1543;1)
142,99,(9318;1)
142,304,(396;1)
142,823,(2814;1)
143,141,(30377;1)
143,731,(30875;1)
143,825,(1354;1)
143,1235,(7755;1)
144,100,(16918;1)
144,732,(5753;1)
144,1233,(8845;1)
145,807,(10029;1)
145,824,(1763;1)
145,826,(12304;1)
146,147,(13249;1)
146,826,(25875;1)
147,146,(13249;1)
147,730,(4742;1)
148,208,(23626;1)
148,240,(11525;1)
149,1,(21123;1)
149,884,(9710;1)
149,1254,(51278;1)
150,151,(38408;1)
150,884,(13135;1)
150,891,(3561;1)
151,7,(26046;1)
151,150,(38408;1)
151,198,(60745;1)
152,1282,(12196;1)
153,154,(5096;1)
153,906,(7650;1)
154,153,(5096;1)
154,716,(15638;1)
154,1181,(39188;1)
155,380,(9215;1)
155,716,(12667;1)
156,1065,(17789;1)
156,1448,(3715;1)
156,1461,(4970;1)
157,200,(81337;1)
157,1480,(35717;1)
158,20,(56998;1)
158,172,(17945;1)
158,200,(4921;1)
159,13,(38040;1)
159,539,(19667;1)
159,1673,(3518;1)
159,1674,(3103;1)
160,342,(48013;1)
160,347,(22321;1)
161,1294,(8740;1)
161,1335,(29146;1)
162,1112,(20524;1)
162,1294,(28154;1)
163,171,(19038;1)
163,372,(45083;1)
163,447,(41416;1)
164,212,(8577;1)
164,1034,(7616;1)
165,168,(24640;1)
165,320,(23318;1)
165,400,(33991;1)
166,78,(38377;1)
166,124,(11276;1)
166,170,(50498;1)
166,747,(8448;1)
167,170,(27457;1)
167,728,(10901;1)
167,1047,(5446;1)
167,1050,(18163;1)
168,165,(24640;1)
168,169,(41498;1)
169,168,(41498;1)
169,1049,(7180;1)
170,166,(50498;1)
170,167,(27457;1)
171,163,(19038;1)
171,369,(40742;1)
171,1181,(8960;1)
172,18,(35013;1)
172,158,(17945;1)
172,198,(6799;1)
173,377,(9578;1)
173,717,(2108;1)
173,1000,(34535;1)
174,48,(35853;1)
174,839,(16180;1)
174,1735,(3960;1)
175,73,(10200;1)
175,442,(6216;1)
175,1287,(5459;1)
176,853,(49660;1)
176,857,(15911;1)
176,1784,(5456;1)
176,1793,(4447;1)
177,15,(26980;1)
177,1441,(3064;1)
177,1467,(20111;1)
178,349,(8324;1)
178,1006,(5330;1)
179,349,(7303;1)
179,534,(45275;1)
180,676,(15338;1)
180,1249,(14443;1)
181,215,(20100;1)
181,556,(3861;1)
182,1033,(3777;1)
183,420,(2181;1)
183,808,(144412;1)
184,1329,(4583;1)
185,454,(4493;1)
185,1311,(2861;1)
185,1680,(3569;1)
186,92,(28945;1)
186,340,(13455;1)
187,206,(27105;1)
187,395,(14097;1)
188,215,(10115;1)
188,1128,(17604;1)
189,6,(16278;1)
189,834,(8977;1)
189,843,(31193;1)
190,474,(24349;1)
191,1108,(5931;1)
191,1175,(1438;1)
192,409,(15974;1)
192,1383,(7782;1)
193,772,(1218;1)
193,774,(1317;1)
194,21,(41693;1)
194,24,(6109;1)
194,1521,(2987;1)
195,205,(53322;1)
195,1306,(7973;1)
196,59,(30542;1)
196,1000,(6655;1)
197,18,(2127;1)
197,59,(70335;1)
197,198,(42683;1)
197,1282,(4722;1)
198,151,(60745;1)
198,172,(6799;1)
198,197,(42683;1)
198,200,(24142;1)
199,20,(6295;1)
199,241,(35745;1)
199,365,(14707;1)
199,1303,(7302;1)
200,157,(81337;1)
200,158,(4921;1)
200,198,(24142;1)
200,241,(25612;1)
201,552,(6293;1)
201,554,(7054;1)
202,906,(11628;1)
203,1111,(5362;1)
204,43,(24002;1)
204,352,(17336;1)
204,720,(18586;1)
205,7,(16494;1)
205,195,(53322;1)
205,1029,(60081;1)
206,187,(27105;1)
206,337,(9017;1)
206,1034,(3989;1)
207,1542,(9666;1)
207,1543,(8993;1)
208,93,(17057;1)
208,148,(23626;1)
209,92,(18401;1)
209,938,(13809;1)
210,531,(4477;1)
210,1183,(322;1)
211,393,(10179;1)
211,1217,(17030;1)
212,164,(8577;1)
212,213,(6697;1)
212,340,(34529;1)
213,9,(27997;1)
213,212,(6697;1)
213,1029,(15277;1)
214,556,(19336;1)
215,181,(20100;1)
215,188,(10115;1)
215,335,(29244;1)
215,1251,(4349;1)
216,245,(1057;1)
216,335,(12969;1)
216,414,(1881;1)
216,590,(1889;1)
217,462,(6845;1)
217,765,(2894;1)
217,1521,(11865;1)
218,221,(5775;1)
218,836,(10176;1)
218,841,(29977;1)
219,223,(12078;1)
219,1060,(33957;1)
220,475,(19994;1)
220,765,(4523;1)
221,26,(16059;1)
221,218,(5775;1)
221,223,(8821;1)
222,26,(2003;1)
222,768,(5681;1)
223,219,(12078;1)
223,221,(8821;1)
224,753,(13229;1)
224,754,(21320;1)
225,128,(27510;1)
225,752,(95140;1)
226,290,(89341;1)
226,854,(7410;1)
227,114,(43959;1)
227,854,(10943;1)
228,760,(24366;1)
228,761,(35250;1)
229,562,(8419;1)
229,760,(20648;1)
230,236,(23881;1)
230,817,(12091;1)
230,818,(7228;1)
230,1240,(11188;1)
231,100,(3925;1)
231,237,(4425;1)
231,807,(15209;1)
232,136,(25022;1)
232,1067,(2627;1)
232,1603,(33306;1)
233,806,(13989;1)
233,1096,(19248;1)
234,127,(94907;1)
234,133,(34505;1)
234,749,(14367;1)
235,98,(16982;1)
235,238,(23374;1)
235,819,(3048;1)
236,138,(8981;1)
236,230,(23881;1)
236,820,(1181;1)
237,231,(4425;1)
237,831,(14621;1)
237,1098,(21387;1)
238,235,(23374;1)
238,304,(39480;1)
238,306,(8776;1)
238,821,(3008;1)
239,7,(29851;1)
239,240,(19674;1)
240,148,(11525;1)
240,239,(19674;1)
241,199,(35745;1)
241,200,(25612;1)
242,461,(703;1)
243,1528,(1585;1)
243,1530,(1282;1)
244,1309,(1165;1)
244,1529,(845;1)
244,1798,(1818;1)
245,216,(1057;1)
245,1060,(6331;1)
246,269,(18376;1)
246,422,(16656;1)
246,1003,(41122;1)
246,1064,(12188;1)
247,249,(6863;1)
247,325,(5602;1)
248,272,(14166;1)
248,303,(11736;1)
249,247,(6863;1)
249,282,(7357;1)
250,278,(17210;1)
250,314,(11587;1)
250,322,(6820;1)
250,1293,(11600;1)
251,257,(9672;1)
251,304,(15946;1)
251,309,(21838;1)
251,321,(28289;1)
252,290,(10302;1)
252,291,(5116;1)
252,1290,(5069;1)
253,272,(8266;1)
253,301,(8585;1)
253,1026,(15141;1)
254,295,(14271;1)
254,297,(14052;1)
255,300,(12693;1)
255,311,(13087;1)
256,271,(25989;1)
256,294,(10178;1)
257,251,(9672;1)
257,324,(9940;1)
258,806,(3508;1)
258,1753,(6619;1)
259,268,(4986;1)
259,312,(4499;1)
260,268,(16202;1)
260,1290,(4859;1)
261,305,(6436;1)
261,325,(6280;1)
262,281,(32352;1)
263,270,(6609;1)
263,274,(12032;1)
263,286,(7057;1)
263,318,(13764;1)
264,292,(8398;1)
264,325,(6085;1)
265,305,(7087;1)
265,318,(6086;1)
266,294,(7000;1)
266,308,(6813;1)
267,292,(9359;1)
267,328,(6510;1)
267,1742,(7519;1)
268,259,(4986;1)
268,260,(16202;1)
269,246,(18376;1)
269,311,(10096;1)
269,319,(9661;1)
270,263,(6609;1)
270,1027,(6867;1)
271,256,(25989;1)
271,315,(18886;1)
272,248,(14166;1)
272,253,(8266;1)
272,277,(5443;1)
273,283,(5321;1)
273,284,(5476;1)
273,317,(4037;1)
274,263,(12032;1)
274,307,(11980;1)
275,286,(7949;1)
275,287,(7325;1)
276,102,(41059;1)
276,289,(14940;1)
276,1279,(4109;1)
277,272,(5443;1)
277,297,(11141;1)
278,250,(17210;1)
278,282,(6617;1)
279,285,(15904;1)
279,322,(21102;1)
280,306,(15401;1)
280,309,(27785;1)
280,316,(3277;1)
281,67,(4868;1)
281,262,(32352;1)
282,249,(7357;1)
282,278,(6617;1)
282,287,(4568;1)
283,67,(35959;1)
283,273,(5321;1)
284,88,(8550;1)
284,273,(5476;1)
285,279,(15904;1)
285,302,(8222;1)
285,313,(5747;1)
286,263,(7057;1)
286,275,(7949;1)
287,275,(7325;1)
287,282,(4568;1)
288,1744,(4602;1)
288,1745,(5198;1)
289,276,(14940;1)
289,381,(6619;1)
290,115,(32676;1)
290,226,(89341;1)
290,252,(10302;1)
291,252,(5116;1)
291,296,(11543;1)
292,264,(8398;1)
292,267,(9359;1)
293,299,(6654;1)
293,1745,(6788;1)
294,256,(10178;1)
294,266,(7000;1)
294,324,(17207;1)
295,254,(14271;1)
295,321,(19510;1)
296,291,(11543;1)
296,1288,(9609;1)
297,254,(14052;1)
297,277,(11141;1)
298,308,(7488;1)
298,1289,(3308;1)
299,293,(6654;1)
299,1290,(7070;1)
300,255,(12693;1)
300,310,(10120;1)
301,253,(8585;1)
301,314,(9065;1)
302,285,(8222;1)
302,328,(20038;1)
303,248,(11736;1)
303,1753,(18847;1)
304,142,(396;1)
304,238,(39480;1)
304,251,(15946;1)
305,261,(6436;1)
305,265,(7087;1)
306,238,(8776;1)
306,280,(15401;1)
307,274,(11980;1)
307,324,(31607;1)
308,266,(6813;1)
308,298,(7488;1)
309,251,(21838;1)
309,280,(27785;1)
310,300,(10120;1)
310,1288,(12727;1)
311,255,(13087;1)
311,269,(10096;1)
312,259,(4499;1)
312,1289,(3397;1)
313,285,(5747;1)
313,385,(3833;1)
314,250,(11587;1)
314,301,(9065;1)
315,271,(18886;1)
315,316,(10154;1)
315,319,(12858;1)
316,280,(3277;1)
316,315,(10154;1)
317,273,(4037;1)
317,780,(4392;1)
317,782,(25512;1)
318,263,(13764;1)
318,265,(6086;1)
319,269,(9661;1)
319,315,(12858;1)
320,111,(54059;1)
320,165,(23318;1)
320,386,(11807;1)
321,251,(28289;1)
321,295,(19510;1)
322,250,(6820;1)
322,279,(21102;1)
323,326,(6247;1)
323,1743,(7036;1)
324,257,(9940;1)
324,294,(17207;1)
324,307,(31607;1)
325,247,(5602;1)
325,261,(6280;1)
325,264,(6085;1)
326,323,(6247;1)
326,1742,(6218;1)
327,1743,(7483;1)
327,1744,(5231;1)
328,267,(6510;1)
328,302,(20038;1)
329,10,(11009;1)
329,336,(28985;1)
329,533,(4217;1)
330,530,(6326;1)
330,626,(7893;1)
331,332,(13114;1)
331,594,(115;1)
332,331,(13114;1)
332,532,(8108;1)
333,341,(2134;1)
333,529,(7776;1)
334,376,(23765;1)
334,572,(2290;1)
335,215,(29244;1)
335,216,(12969;1)
335,1002,(29000;1)
335,1009,(16335;1)
336,11,(13895;1)
336,329,(28985;1)
336,573,(5739;1)
336,605,(3030;1)
337,206,(9017;1)
337,338,(7149;1)
338,94,(7701;1)
338,337,(7149;1)
339,94,(7907;1)
339,1035,(3826;1)
340,186,(13455;1)
340,212,(34529;1)
340,393,(18685;1)
341,333,(2134;1)
342,160,(48013;1)
342,1082,(23392;1)
343,417,(4541;1)
343,1153,(3029;1)
344,357,(2460;1)
344,1224,(9108;1)
345,347,(12184;1)
345,1674,(33085;1)
346,37,(20492;1)
346,348,(8764;1)
347,160,(22321;1)
347,345,(12184;1)
348,36,(7758;1)
348,346,(8764;1)
349,178,(8324;1)
349,179,(7303;1)
349,535,(44227;1)
349,1297,(11491;1)
350,773,(6220;1)
350,1171,(4027;1)
350,1174,(5507;1)
350,1175,(3130;1)
351,1170,(3234;1)
351,1171,(3328;1)
352,204,(17336;1)
352,415,(2619;1)
353,423,(2999;1)
353,1169,(5517;1)
353,1218,(13356;1)
354,42,(8585;1)
354,356,(9710;1)
355,356,(8362;1)
355,416,(2946;1)
356,354,(9710;1)
356,355,(8362;1)
357,344,(2460;1)
357,774,(2422;1)
358,370,(41108;1)
358,1149,(10335;1)
359,1329,(22033;1)
359,1330,(7674;1)
359,1369,(2258;1)
359,1383,(3385;1)
360,550,(3823;1)
360,878,(7812;1)
361,1081,(3385;1)
361,1145,(7765;1)
361,1146,(5352;1)
362,76,(36959;1)
362,1084,(2064;1)
363,472,(15964;1)
364,520,(20611;1)
364,1335,(5592;1)
364,1357,(5056;1)
365,199,(14707;1)
365,367,(12557;1)
366,427,(12689;1)
366,1394,(10654;1)
367,365,(12557;1)
367,1357,(5272;1)
368,1304,(5969;1)
368,1305,(3135;1)
369,171,(40742;1)
369,371,(7409;1)
370,60,(51563;1)
370,358,(41108;1)
370,371,(9724;1)
371,369,(7409;1)
371,370,(9724;1)
372,163,(45083;1)
372,373,(12877;1)
372,791,(13360;1)
373,372,(12877;1)
373,374,(21621;1)
374,108,(14723;1)
374,373,(21621;1)
375,588,(4299;1)
375,1253,(2843;1)
376,334,(23765;1)
376,526,(4878;1)
377,173,(9578;1)
377,378,(5560;1)
378,377,(5560;1)
379,717,(4228;1)
379,718,(5566;1)
380,155,(9215;1)
380,718,(5121;1)
381,79,(9244;1)
381,289,(6619;1)
382,383,(1779;1)
382,635,(444;1)
383,382,(1779;1)
383,633,(466;1)
384,634,(144;1)
384,696,(273;1)
385,313,(3833;1)
385,902,(5705;1)
386,320,(11807;1)
386,815,(4024;1)
386,1272,(3938;1)
387,1188,(3280;1)
387,1194,(3829;1)
388,1194,(4913;1)
388,1196,(4193;1)
389,1308,(4118;1)
389,1309,(4144;1)
389,1670,(947;1)
389,1803,(1834;1)
390,51,(5158;1)
390,1159,(10035;1)
390,1644,(3616;1)
391,511,(23806;1)
391,943,(5393;1)
391,945,(8776;1)
392,8,(6141;1)
392,531,(6335;1)
392,1035,(2120;1)
393,211,(10179;1)
393,340,(18685;1)
394,94,(10771;1)
395,187,(14097;1)
395,537,(4739;1)
396,1297,(3300;1)
396,1441,(682;1)
397,120,(12862;1)
397,1153,(4962;1)
397,1155,(3853;1)
397,1302,(2701;1)
398,36,(21847;1)
398,1325,(1662;1)
399,1154,(12407;1)
399,1320,(1736;1)
400,165,(33991;1)
400,403,(7155;1)
400,1271,(2659;1)
401,407,(49558;1)
401,1048,(17724;1)
402,403,(16858;1)
402,917,(17898;1)
403,400,(7155;1)
403,402,(16858;1)
404,437,(13464;1)
404,1048,(26912;1)
405,406,(10899;1)
405,437,(22053;1)
406,405,(10899;1)
406,917,(27879;1)
407,401,(49558;1)
407,1281,(12040;1)
408,41,(9194;1)
408,411,(13772;1)
408,1366,(2503;1)
408,1367,(2228;1)
409,192,(15974;1)
409,410,(11951;1)
409,552,(11068;1)
410,409,(11951;1)
410,1142,(14903;1)
410,1166,(6462;1)
410,1370,(22834;1)
411,408,(13772;1)
411,1332,(36344;1)
412,554,(4084;1)
412,1178,(7344;1)
412,1370,(3689;1)
413,576,(3690;1)
413,618,(25644;1)
414,216,(1881;1)
414,620,(1011;1)
415,352,(2619;1)
415,416,(7098;1)
416,355,(2946;1)
416,415,(7098;1)
417,343,(4541;1)
417,1152,(3883;1)
418,115,(23247;1)
418,133,(43376;1)
418,419,(24064;1)
419,418,(24064;1)
420,183,(2181;1)
420,421,(12732;1)
421,420,(12732;1)
421,422,(22648;1)
422,246,(16656;1)
422,421,(22648;1)
423,353,(2999;1)
423,1168,(3080;1)
424,878,(6550;1)
424,1167,(4434;1)
424,1173,(4617;1)
425,426,(3123;1)
425,773,(1019;1)
426,425,(3123;1)
427,366,(12689;1)
427,1065,(5415;1)
427,1449,(3098;1)
428,1449,(27120;1)
429,132,(17436;1)
429,430,(13928;1)
429,748,(33032;1)
430,429,(13928;1)
430,431,(7544;1)
431,430,(7544;1)
431,432,(15657;1)
432,431,(15657;1)
432,433,(7825;1)
433,432,(7825;1)
433,751,(7992;1)
434,76,(18349;1)
434,528,(30445;1)
434,561,(7740;1)
435,558,(3061;1)
435,559,(4313;1)
436,557,(4702;1)
437,404,(13464;1)
437,405,(22053;1)
438,1198,(3580;1)
438,1199,(3499;1)
439,69,(13179;1)
439,791,(3244;1)
440,1505,(24451;1)
440,1506,(14129;1)
441,557,(9835;1)
441,558,(3852;1)
442,175,(6216;1)
442,1787,(6095;1)
443,136,(9611;1)
443,444,(5953;1)
443,1238,(12112;1)
444,443,(5953;1)
444,816,(2206;1)
445,1143,(3173;1)
445,1332,(3309;1)
446,1334,(4440;1)
446,1398,(3395;1)
447,163,(41416;1)
447,1334,(5930;1)
448,463,(1607;1)
449,463,(15692;1)
450,451,(9629;1)
450,463,(3789;1)
451,450,(9629;1)
451,453,(1723;1)
452,454,(4963;1)
452,1803,(4115;1)
453,451,(1723;1)
453,1680,(2658;1)
454,185,(4493;1)
454,452,(4963;1)
455,1112,(25546;1)
455,1435,(7814;1)
456,457,(2464;1)
456,1319,(876;1)
457,456,(2464;1)
457,458,(2739;1)
458,457,(2739;1)
458,459,(1934;1)
459,458,(1934;1)
459,460,(2535;1)
460,459,(2535;1)
460,461,(611;1)
461,242,(703;1)
461,460,(611;1)
462,217,(6845;1)
463,448,(1607;1)
463,449,(15692;1)
463,450,(3789;1)
463,771,(11298;1)
464,466,(2952;1)
464,1297,(23110;1)
465,12,(4787;1)
465,1295,(2609;1)
466,9,(82996;1)
466,464,(2952;1)
466,1443,(3438;1)
467,701,(147;1)
467,1183,(12487;1)
468,738,(4636;1)
468,739,(7425;1)
469,26,(1722;1)
469,769,(5725;1)
470,64,(15502;1)
470,471,(12225;1)
470,1103,(7599;1)
471,470,(12225;1)
472,64,(17244;1)
472,363,(15964;1)
473,474,(12546;1)
473,1673,(920;1)
474,190,(24349;1)
474,473,(12546;1)
475,220,(19994;1)
475,768,(15792;1)
476,28,(10830;1)
476,713,(16500;1)
477,44,(3201;1)
477,481,(15932;1)
478,479,(1345;1)
478,480,(1047;1)
479,478,(1345;1)
479,484,(36894;1)
480,478,(1047;1)
480,482,(5602;1)
481,477,(15932;1)
481,482,(6454;1)
482,480,(5602;1)
482,481,(6454;1)
482,764,(11537;1)
483,487,(4285;1)
483,764,(6213;1)
484,479,(36894;1)
484,485,(1464;1)
485,484,(1464;1)
485,486,(1402;1)
486,485,(1402;1)
486,762,(24105;1)
487,483,(4285;1)
487,488,(2990;1)
488,487,(2990;1)
488,489,(12114;1)
489,488,(12114;1)
489,490,(5486;1)
490,489,(5486;1)
490,491,(14432;1)
491,490,(14432;1)
491,492,(4074;1)
492,491,(4074;1)
492,493,(5293;1)
492,762,(15319;1)
493,492,(5293;1)
493,494,(34696;1)
494,493,(34696;1)
494,495,(11019;1)
495,494,(11019;1)
495,496,(5765;1)
496,495,(5765;1)
496,497,(7651;1)
496,498,(8503;1)
497,496,(7651;1)
497,499,(6909;1)
498,496,(8503;1)
498,500,(16122;1)
499,497,(6909;1)
499,501,(27193;1)
500,498,(16122;1)
500,505,(22367;1)
501,499,(27193;1)
501,502,(8872;1)
502,501,(8872;1)
502,503,(5083;1)
503,502,(5083;1)
503,504,(5774;1)
504,503,(5774;1)
504,507,(50868;1)
505,500,(22367;1)
505,506,(4835;1)
506,505,(4835;1)
506,510,(36197;1)
507,504,(50868;1)
507,508,(12751;1)
508,507,(12751;1)
508,509,(4171;1)
509,508,(4171;1)
509,1550,(1455;1)
510,506,(36197;1)
510,512,(36354;1)
511,391,(23806;1)
511,513,(12554;1)
512,510,(36354;1)
512,513,(6598;1)
513,511,(12554;1)
513,512,(6598;1)
513,514,(10774;1)
514,513,(10774;1)
514,515,(44219;1)
515,514,(44219;1)
515,516,(9028;1)
516,515,(9028;1)
516,517,(6227;1)
517,516,(6227;1)
517,1644,(1113;1)
518,55,(15375;1)
518,1162,(7920;1)
519,53,(25115;1)
519,54,(11155;1)
519,1545,(8503;1)
519,1642,(4368;1)
520,364,(20611;1)
520,1461,(24175;1)
521,586,(24187;1)
521,1499,(1112;1)
522,523,(6490;1)
522,586,(4829;1)
523,522,(6490;1)
523,536,(3228;1)
524,525,(9481;1)
524,587,(11334;1)
525,524,(9481;1)
525,526,(10419;1)
526,376,(4878;1)
526,525,(10419;1)
526,527,(12475;1)
526,1075,(6722;1)
527,11,(32778;1)
527,526,(12475;1)
527,1002,(8823;1)
528,82,(35561;1)
528,434,(30445;1)
529,333,(7776;1)
529,530,(8267;1)
530,330,(6326;1)
530,529,(8267;1)
531,10,(33892;1)
531,210,(4477;1)
531,392,(6335;1)
531,1186,(2704;1)
532,332,(8108;1)
532,584,(4489;1)
533,329,(4217;1)
533,567,(496;1)
533,568,(410;1)
533,626,(5534;1)
534,179,(45275;1)
534,689,(6788;1)
535,349,(44227;1)
535,537,(2202;1)
536,523,(3228;1)
536,587,(3965;1)
537,395,(4739;1)
537,535,(2202;1)
537,1069,(1771;1)
537,1070,(1512;1)
538,698,(305;1)
538,706,(4187;1)
539,159,(19667;1)
539,1311,(11981;1)
539,1693,(3305;1)
540,541,(9457;1)
540,1693,(1299;1)
541,540,(9457;1)
542,707,(217;1)
542,1070,(3005;1)
543,104,(44751;1)
543,545,(8418;1)
543,1764,(27089;1)
544,546,(38103;1)
545,543,(8418;1)
545,546,(39935;1)
546,544,(38103;1)
546,545,(39935;1)
547,123,(54355;1)
547,1299,(20943;1)
548,1166,(3825;1)
549,1808,(2894;1)
550,360,(3823;1)
550,1146,(5774;1)
551,65,(13022;1)
551,1103,(29396;1)
552,201,(6293;1)
552,409,(11068;1)
553,1167,(3620;1)
553,1168,(2855;1)
554,201,(7054;1)
554,412,(4084;1)
555,724,(1789;1)
555,875,(1237;1)
555,1532,(58311;1)
556,11,(16451;1)
556,181,(3861;1)
556,214,(19336;1)
557,436,(4702;1)
557,441,(9835;1)
558,435,(3061;1)
558,441,(3852;1)
559,435,(4313;1)
559,560,(11833;1)
560,559,(11833;1)
560,561,(2354;1)
561,434,(7740;1)
561,560,(2354;1)
562,76,(2834;1)
562,229,(8419;1)
563,564,(3128;1)
563,904,(22447;1)
564,76,(3826;1)
564,563,(3128;1)
565,566,(18465;1)
565,904,(5260;1)
566,565,(18465;1)
567,533,(496;1)
567,659,(4048;1)
568,533,(410;1)
568,569,(3664;1)
569,568,(3664;1)
569,570,(3727;1)
570,569,(3727;1)
570,571,(2894;1)
571,570,(2894;1)
571,630,(6720;1)
572,334,(2290;1)
572,573,(2437;1)
573,336,(5739;1)
573,572,(2437;1)
573,631,(7275;1)
574,575,(267;1)
574,589,(2602;1)
575,3,(2746;1)
575,574,(267;1)
576,413,(3690;1)
576,577,(1813;1)
577,576,(1813;1)
577,617,(10171;1)
578,581,(1018;1)
578,622,(422;1)
579,581,(466;1)
579,592,(1496;1)
580,582,(542;1)
580,623,(612;1)
581,578,(1018;1)
581,579,(466;1)
582,580,(542;1)
582,591,(562;1)
583,628,(952;1)
583,629,(439;1)
584,532,(4489;1)
584,585,(4736;1)
585,584,(4736;1)
585,659,(4209;1)
586,521,(24187;1)
586,522,(4829;1)
587,524,(11334;1)
587,536,(3965;1)
588,375,(4299;1)
588,1248,(538;1)
588,1252,(2735;1)
589,574,(2602;1)
589,617,(1012;1)
590,216,(1889;1)
590,618,(2896;1)
591,582,(562;1)
591,593,(438;1)
592,579,(1496;1)
592,595,(463;1)
593,591,(438;1)
593,594,(627;1)
594,331,(115;1)
594,593,(627;1)
595,592,(463;1)
595,597,(952;1)
596,597,(469;1)
596,598,(1538;1)
597,595,(952;1)
597,596,(469;1)
598,596,(1538;1)
598,599,(418;1)
599,598,(418;1)
599,625,(982;1)
600,602,(1781;1)
600,665,(500;1)
601,604,(475;1)
601,667,(759;1)
602,600,(1781;1)
602,667,(457;1)
603,605,(700;1)
603,606,(454;1)
604,601,(475;1)
604,606,(1818;1)
605,336,(3030;1)
605,603,(700;1)
605,607,(1765;1)
606,603,(454;1)
606,604,(1818;1)
607,605,(1765;1)
607,608,(738;1)
608,607,(738;1)
608,642,(462;1)
609,613,(544;1)
609,674,(699;1)
610,611,(772;1)
610,615,(926;1)
611,610,(772;1)
611,1245,(1635;1)
612,674,(534;1)
612,675,(1795;1)
613,609,(544;1)
613,615,(2012;1)
614,616,(836;1)
614,1245,(1645;1)
615,610,(926;1)
615,613,(2012;1)
616,614,(836;1)
616,650,(997;1)
617,577,(10171;1)
617,589,(1012;1)
618,413,(25644;1)
618,590,(2896;1)
619,620,(475;1)
619,622,(1455;1)
620,414,(1011;1)
620,619,(475;1)
621,623,(573;1)
621,1501,(1453;1)
622,578,(422;1)
622,619,(1455;1)
623,580,(612;1)
623,621,(573;1)
624,625,(462;1)
624,627,(2413;1)
625,599,(982;1)
625,624,(462;1)
626,330,(7893;1)
626,533,(5534;1)
627,624,(2413;1)
627,628,(433;1)
628,583,(952;1)
628,627,(433;1)
629,583,(439;1)
629,1247,(935;1)
630,571,(6720;1)
630,631,(5138;1)
631,573,(7275;1)
631,630,(5138;1)
632,633,(1686;1)
632,634,(420;1)
633,383,(466;1)
633,632,(1686;1)
634,384,(144;1)
634,632,(420;1)
635,382,(444;1)
635,637,(716;1)
636,638,(795;1)
636,661,(940;1)
637,635,(716;1)
637,639,(465;1)
638,636,(795;1)
638,1243,(1652;1)
639,637,(465;1)
639,661,(2002;1)
640,644,(1265;1)
640,670,(1503;1)
641,643,(678;1)
641,645,(455;1)
642,608,(462;1)
642,645,(1815;1)
643,641,(678;1)
643,647,(491;1)
644,640,(1265;1)
644,1009,(6973;1)
645,641,(455;1)
645,642,(1815;1)
646,648,(679;1)
646,668,(534;1)
647,643,(491;1)
647,668,(1795;1)
648,646,(679;1)
648,671,(534;1)
649,651,(718;1)
649,652,(474;1)
650,616,(997;1)
650,652,(2004;1)
651,649,(718;1)
651,654,(499;1)
652,649,(474;1)
652,650,(2004;1)
653,655,(727;1)
653,657,(499;1)
654,651,(499;1)
654,657,(1818;1)
655,653,(727;1)
655,677,(503;1)
656,658,(752;1)
656,678,(440;1)
657,653,(499;1)
657,654,(1818;1)
658,656,(752;1)
658,679,(308;1)
659,567,(4048;1)
659,585,(4209;1)
660,662,(772;1)
660,1243,(1652;1)
661,636,(940;1)
661,639,(2002;1)
662,660,(772;1)
662,664,(932;1)
663,665,(693;1)
663,666,(462;1)
664,662,(932;1)
664,666,(2020;1)
665,600,(500;1)
665,663,(693;1)
666,663,(462;1)
666,664,(2020;1)
667,601,(759;1)
667,602,(457;1)
668,646,(534;1)
668,647,(1795;1)
669,672,(711;1)
669,673,(525;1)
670,640,(1503;1)
670,676,(1248;1)
671,648,(534;1)
671,673,(1788;1)
672,669,(711;1)
672,675,(544;1)
673,669,(525;1)
673,671,(1788;1)
674,609,(699;1)
674,612,(534;1)
675,612,(1795;1)
675,672,(544;1)
676,180,(15338;1)
676,670,(1248;1)
677,655,(503;1)
677,678,(959;1)
678,656,(440;1)
678,677,(959;1)
679,658,(308;1)
679,680,(255;1)
680,2,(365;1)
680,679,(255;1)
681,2,(312;1)
681,1242,(4443;1)
682,684,(4411;1)
682,704,(1520;1)
683,684,(3218;1)
683,702,(3979;1)
684,682,(4411;1)
684,683,(3218;1)
685,687,(402;1)
685,692,(511;1)
686,691,(2685;1)
686,705,(515;1)
687,685,(402;1)
687,1006,(33223;1)
688,705,(257;1)
688,706,(2829;1)
689,534,(6788;1)
689,697,(322;1)
690,693,(3438;1)
690,697,(669;1)
691,686,(2685;1)
691,692,(2870;1)
692,685,(511;1)
692,691,(2870;1)
693,690,(3438;1)
693,1069,(95;1)
694,711,(6079;1)
694,1184,(4730;1)
695,696,(8012;1)
695,1184,(4752;1)
696,384,(273;1)
696,695,(8012;1)
697,689,(322;1)
697,690,(669;1)
698,538,(305;1)
698,699,(187;1)
699,698,(187;1)
699,700,(222;1)
700,699,(222;1)
700,708,(2205;1)
701,467,(147;1)
701,709,(8544;1)
702,683,(3979;1)
702,703,(1712;1)
703,702,(1712;1)
703,704,(267;1)
704,682,(1520;1)
704,703,(267;1)
705,686,(515;1)
705,688,(257;1)
706,538,(4187;1)
706,688,(2829;1)
707,542,(217;1)
707,708,(225;1)
708,700,(2205;1)
708,707,(225;1)
709,701,(8544;1)
709,710,(8082;1)
710,709,(8082;1)
710,711,(112;1)
711,694,(6079;1)
711,710,(112;1)
712,713,(1017;1)
712,714,(11387;1)
713,476,(16500;1)
713,712,(1017;1)
714,25,(1010;1)
714,712,(11387;1)
715,1017,(6340;1)
715,1028,(1500;1)
716,154,(15638;1)
716,155,(12667;1)
717,173,(2108;1)
717,379,(4228;1)
718,379,(5566;1)
718,380,(5121;1)
719,720,(15650;1)
719,1111,(22612;1)
720,204,(18586;1)
720,719,(15650;1)
721,1136,(26097;1)
721,1551,(14887;1)
722,723,(55390;1)
723,722,(55390;1)
723,725,(3952;1)
723,871,(18713;1)
724,119,(14987;1)
724,555,(1789;1)
724,725,(3472;1)
725,723,(3952;1)
725,724,(3472;1)
726,929,(22358;1)
727,809,(37945;1)
727,1047,(5249;1)
728,104,(17614;1)
728,167,(10901;1)
729,99,(5345;1)
729,733,(6013;1)
730,147,(4742;1)
730,731,(5489;1)
731,143,(30875;1)
731,730,(5489;1)
732,144,(5753;1)
732,733,(5748;1)
733,729,(6013;1)
733,732,(5748;1)
734,737,(3447;1)
734,765,(2055;1)
735,736,(9621;1)
735,742,(3618;1)
736,26,(1735;1)
736,735,(9621;1)
737,734,(3447;1)
737,738,(4035;1)
738,468,(4636;1)
738,737,(4035;1)
739,468,(7425;1)
739,740,(8313;1)
740,739,(8313;1)
740,741,(3209;1)
741,740,(3209;1)
741,742,(6040;1)
742,735,(3618;1)
742,741,(6040;1)
743,22,(7961;1)
743,1508,(3035;1)
743,1509,(3001;1)
743,1800,(881;1)
744,745,(14916;1)
744,1606,(12279;1)
745,116,(39064;1)
745,744,(14916;1)
746,1126,(6123;1)
747,123,(28672;1)
747,166,(8448;1)
748,133,(10752;1)
748,429,(33032;1)
749,234,(14367;1)
749,750,(6185;1)
750,749,(6185;1)
750,751,(3654;1)
751,433,(7992;1)
751,750,(3654;1)
752,132,(8747;1)
752,225,(95140;1)
753,224,(13229;1)
753,1773,(11574;1)
754,132,(13338;1)
754,224,(21320;1)
755,134,(6885;1)
755,135,(71575;1)
756,134,(17498;1)
756,1063,(71267;1)
757,758,(22270;1)
758,757,(22270;1)
758,759,(21500;1)
759,758,(21500;1)
760,228,(24366;1)
760,229,(20648;1)
761,75,(34525;1)
761,228,(35250;1)
762,486,(24105;1)
762,492,(15319;1)
763,44,(3466;1)
764,482,(11537;1)
764,483,(6213;1)
765,25,(1081;1)
765,217,(2894;1)
765,220,(4523;1)
765,734,(2055;1)
766,89,(7843;1)
766,767,(18250;1)
767,74,(6098;1)
767,766,(18250;1)
768,222,(5681;1)
768,475,(15792;1)
769,469,(5725;1)
769,770,(6606;1)
770,28,(6703;1)
770,769,(6606;1)
771,463,(11298;1)
772,193,(1218;1)
772,1108,(4484;1)
773,350,(6220;1)
773,425,(1019;1)
774,193,(1317;1)
774,357,(2422;1)
775,118,(3601;1)
775,874,(5886;1)
776,1806,(765;1)
777,778,(5685;1)
777,1074,(4330;1)
778,777,(5685;1)
778,1407,(947;1)
779,70,(5511;1)
779,1073,(6922;1)
780,317,(4392;1)
780,781,(4933;1)
781,87,(37125;1)
781,780,(4933;1)
782,317,(25512;1)
783,79,(5438;1)
783,1275,(13385;1)
784,79,(5061;1)
784,1005,(1307;1)
785,78,(32991;1)
785,786,(30376;1)
785,851,(59422;1)
786,785,(30376;1)
787,78,(79038;1)
787,852,(58943;1)
787,1300,(6817;1)
788,789,(7945;1)
788,1301,(7888;1)
789,788,(7945;1)
789,790,(44922;1)
790,789,(44922;1)
791,372,(13360;1)
791,439,(3244;1)
792,881,(5967;1)
792,1202,(1558;1)
793,1031,(7442;1)
793,1216,(6357;1)
794,1031,(5759;1)
794,1032,(18177;1)
795,796,(8838;1)
795,961,(7712;1)
796,795,(8838;1)
796,797,(537;1)
797,45,(49502;1)
797,796,(537;1)
798,112,(4300;1)
798,116,(18713;1)
798,799,(16851;1)
799,798,(16851;1)
799,803,(10139;1)
800,803,(14880;1)
801,802,(9880;1)
801,1067,(18237;1)
802,801,(9880;1)
802,804,(3587;1)
803,799,(10139;1)
803,800,(14880;1)
803,804,(1505;1)
804,802,(3587;1)
804,803,(1505;1)
805,1068,(1006;1)
806,233,(13989;1)
806,258,(3508;1)
806,1133,(18102;1)
807,145,(10029;1)
807,231,(15209;1)
808,183,(144412;1)
808,831,(14593;1)
809,105,(3492;1)
809,727,(37945;1)
809,813,(14371;1)
810,811,(20523;1)
810,813,(20222;1)
811,810,(20523;1)
811,812,(20182;1)
812,811,(20182;1)
812,813,(19967;1)
813,809,(14371;1)
813,810,(20222;1)
813,812,(19967;1)
814,1274,(8261;1)
815,386,(4024;1)
815,1273,(4035;1)
816,444,(2206;1)
816,1237,(1399;1)
817,230,(12091;1)
817,1236,(243;1)
818,230,(7228;1)
818,819,(19749;1)
819,235,(3048;1)
819,818,(19749;1)
820,236,(1181;1)
820,1258,(581;1)
821,238,(3008;1)
821,1257,(19854;1)
822,141,(1543;1)
822,1269,(308;1)
823,142,(2814;1)
823,1270,(9972;1)
824,145,(1763;1)
824,1231,(11172;1)
825,143,(1354;1)
825,1232,(601;1)
826,145,(12304;1)
826,146,(25875;1)
826,828,(2610;1)
827,1263,(6659;1)
827,1266,(12995;1)
828,826,(2610;1)
828,1264,(13151;1)
829,830,(12458;1)
829,1265,(2507;1)
830,829,(12458;1)
830,832,(4046;1)
830,1098,(3877;1)
831,237,(14621;1)
831,808,(14593;1)
832,830,(4046;1)
832,1099,(7125;1)
832,1267,(13996;1)
833,1268,(9229;1)
834,189,(8977;1)
834,836,(14613;1)
834,845,(6115;1)
835,845,(12135;1)
836,218,(10176;1)
836,834,(14613;1)
836,844,(5228;1)
837,844,(12575;1)
838,847,(5219;1)
839,27,(12880;1)
839,174,(16180;1)
839,1734,(3993;1)
840,846,(4559;1)
841,218,(29977;1)
841,846,(4559;1)
841,1733,(27978;1)
842,848,(4888;1)
843,189,(31193;1)
843,848,(2630;1)
843,1735,(28498;1)
844,836,(5228;1)
844,837,(12575;1)
845,834,(6115;1)
845,835,(12135;1)
846,840,(4559;1)
846,841,(4559;1)
847,838,(5219;1)
847,1734,(7164;1)
848,842,(4888;1)
848,843,(2630;1)
849,852,(6046;1)
850,851,(7901;1)
851,785,(59422;1)
851,850,(7901;1)
851,1280,(13280;1)
852,787,(58943;1)
852,849,(6046;1)
852,1284,(8944;1)
853,176,(49660;1)
853,1785,(13795;1)
854,226,(7410;1)
854,227,(10943;1)
854,1003,(10212;1)
854,1004,(6435;1)
855,83,(5110;1)
855,857,(44964;1)
856,858,(4651;1)
857,176,(15911;1)
857,855,(44964;1)
857,858,(5630;1)
858,86,(18873;1)
858,856,(4651;1)
858,857,(5630;1)
858,1784,(16156;1)
859,87,(13005;1)
859,860,(888;1)
860,86,(26810;1)
860,859,(888;1)
861,65,(32876;1)
861,903,(3531;1)
861,1100,(45103;1)
862,863,(5705;1)
862,903,(6654;1)
863,862,(5705;1)
863,865,(34389;1)
864,971,(10950;1)
865,863,(34389;1)
865,971,(6569;1)
866,30,(50535;1)
866,120,(33949;1)
866,1531,(7317;1)
867,868,(3613;1)
867,1072,(10168;1)
868,867,(3613;1)
868,1158,(7996;1)
869,870,(10059;1)
869,1228,(2038;1)
870,869,(10059;1)
870,1071,(15388;1)
871,723,(18713;1)
871,1071,(3735;1)
872,873,(14519;1)
872,876,(4478;1)
872,1227,(3087;1)
873,872,(14519;1)
873,874,(6680;1)
874,37,(3678;1)
874,775,(5886;1)
874,873,(6680;1)
874,1224,(7200;1)
875,555,(1237;1)
875,876,(3410;1)
876,872,(4478;1)
876,875,(3410;1)
876,1225,(9495;1)
877,36,(15749;1)
877,1225,(11194;1)
878,360,(7812;1)
878,424,(6550;1)
879,880,(17465;1)
880,879,(17465;1)
881,792,(5967;1)
882,883,(11436;1)
883,882,(11436;1)
884,149,(9710;1)
884,150,(13135;1)
884,885,(4608;1)
885,884,(4608;1)
885,886,(4187;1)
886,885,(4187;1)
886,887,(5537;1)
887,886,(5537;1)
887,888,(3024;1)
888,887,(3024;1)
889,890,(20331;1)
889,891,(3558;1)
890,889,(20331;1)
891,150,(3561;1)
891,889,(3558;1)
892,900,(3570;1)
892,1021,(25515;1)
892,1771,(9376;1)
893,901,(22744;1)
893,1222,(8059;1)
894,895,(2807;1)
894,901,(6895;1)
895,894,(2807;1)
895,896,(2580;1)
896,895,(2580;1)
896,897,(2258;1)
897,896,(2258;1)
897,898,(3916;1)
898,897,(3916;1)
898,1222,(13163;1)
899,1222,(1321;1)
900,892,(3570;1)
900,901,(5987;1)
901,893,(22744;1)
901,894,(6895;1)
901,900,(5987;1)
902,115,(75622;1)
902,385,(5705;1)
902,1777,(32548;1)
903,861,(3531;1)
903,862,(6654;1)
904,563,(22447;1)
904,565,(5260;1)
904,905,(4179;1)
905,904,(4179;1)
906,153,(7650;1)
906,202,(11628;1)
907,91,(40178;1)
907,1130,(10874;1)
907,1565,(4724;1)
908,909,(10483;1)
908,1565,(1023;1)
909,908,(10483;1)
909,910,(20678;1)
910,909,(20678;1)
910,913,(2099;1)
911,912,(5484;1)
911,913,(2473;1)
912,911,(5484;1)
912,918,(2860;1)
913,910,(2099;1)
913,911,(2473;1)
913,914,(9681;1)
914,913,(9681;1)
914,921,(12572;1)
915,921,(8745;1)
915,927,(10745;1)
916,917,(1623;1)
916,927,(905;1)
917,402,(17898;1)
917,406,(27879;1)
917,916,(1623;1)
918,912,(2860;1)
918,922,(18391;1)
918,924,(18205;1)
919,922,(3669;1)
919,925,(7433;1)
920,921,(9471;1)
921,914,(12572;1)
921,915,(8745;1)
921,920,(9471;1)
921,922,(15464;1)
922,918,(18391;1)
922,919,(3669;1)
922,921,(15464;1)
922,923,(22426;1)
923,922,(22426;1)
923,924,(18426;1)
924,918,(18205;1)
924,923,(18426;1)
924,930,(3231;1)
925,919,(7433;1)
925,929,(3373;1)
926,928,(2262;1)
926,929,(5463;1)
927,915,(10745;1)
927,916,(905;1)
927,928,(12575;1)
928,926,(2262;1)
928,927,(12575;1)
929,726,(22358;1)
929,925,(3373;1)
929,926,(5463;1)
930,924,(3231;1)
931,932,(22593;1)
932,931,(22593;1)
932,933,(3989;1)
933,932,(3989;1)
934,935,(54164;1)
934,1256,(5617;1)
935,130,(6887;1)
935,934,(54164;1)
936,937,(10120;1)
936,938,(4488;1)
937,936,(10120;1)
937,939,(2804;1)
938,93,(17239;1)
938,209,(13809;1)
938,936,(4488;1)
939,937,(2804;1)
939,1221,(13001;1)
940,1220,(5607;1)
940,1221,(20579;1)
941,1219,(1031;1)
942,944,(27285;1)
943,391,(5393;1)
943,944,(4322;1)
944,942,(27285;1)
944,943,(4322;1)
945,391,(8776;1)
945,946,(16565;1)
946,945,(16565;1)
946,947,(8107;1)
947,946,(8107;1)
947,948,(38142;1)
948,947,(38142;1)
949,57,(13644;1)
949,58,(8368;1)
949,1593,(8113;1)
950,951,(3288;1)
950,1593,(1403;1)
951,950,(3288;1)
951,960,(497;1)
952,953,(8097;1)
953,952,(8097;1)
953,955,(5831;1)
953,956,(14748;1)
954,955,(2942;1)
955,953,(5831;1)
955,954,(2942;1)
955,1223,(13402;1)
956,953,(14748;1)
956,957,(4840;1)
956,1223,(1546;1)
957,956,(4840;1)
957,958,(8861;1)
957,960,(10177;1)
958,957,(8861;1)
958,959,(10309;1)
959,958,(10309;1)
959,960,(8435;1)
960,951,(497;1)
960,957,(10177;1)
960,959,(8435;1)
961,795,(7712;1)
961,962,(6784;1)
962,961,(6784;1)
962,963,(8604;1)
963,962,(8604;1)
963,964,(6991;1)
964,963,(6991;1)
964,965,(6556;1)
965,964,(6556;1)
965,966,(8311;1)
966,965,(8311;1)
966,967,(9661;1)
967,966,(9661;1)
967,968,(9449;1)
968,967,(9449;1)
968,969,(6036;1)
969,968,(6036;1)
969,970,(25111;1)
970,969,(25111;1)
971,864,(10950;1)
971,865,(6569;1)
972,57,(15187;1)
972,1163,(15183;1)
972,1631,(3855;1)
973,974,(5298;1)
973,1631,(594;1)
974,973,(5298;1)
974,980,(5069;1)
975,976,(4748;1)
975,980,(3459;1)
976,975,(4748;1)
976,977,(1990;1)
977,976,(1990;1)
977,978,(5118;1)
978,977,(5118;1)
978,979,(7748;1)
979,978,(7748;1)
980,974,(5069;1)
980,975,(3459;1)
980,981,(6481;1)
981,980,(6481;1)
981,982,(9393;1)
982,981,(9393;1)
982,991,(5849;1)
983,984,(19483;1)
984,983,(19483;1)
984,985,(19426;1)
984,986,(13598;1)
984,987,(17413;1)
984,990,(3790;1)
984,993,(3475;1)
985,984,(19426;1)
986,984,(13598;1)
987,984,(17413;1)
988,989,(15703;1)
989,988,(15703;1)
989,992,(4039;1)
989,993,(9560;1)
990,984,(3790;1)
990,991,(8590;1)
991,982,(5849;1)
991,990,(8590;1)
991,992,(3801;1)
992,989,(4039;1)
992,991,(3801;1)
993,984,(3475;1)
993,989,(9560;1)
994,56,(2157;1)
994,1163,(15927;1)
994,1602,(4457;1)
995,996,(18239;1)
995,1602,(927;1)
996,995,(18239;1)
996,997,(5804;1)
997,996,(5804;1)
997,998,(4493;1)
998,997,(4493;1)
998,999,(22050;1)
999,998,(22050;1)
1000,173,(34535;1)
1000,196,(6655;1)
1001,1784,(50540;1)
1001,1786,(13194;1)
1002,335,(29000;1)
1002,527,(8823;1)
1003,246,(41122;1)
1003,854,(10212;1)
1004,127,(61287;1)
1004,854,(6435;1)
1005,784,(1307;1)
1006,178,(5330;1)
1006,687,(33223;1)
1007,1008,(11170;1)
1007,1009,(8945;1)
1008,1007,(11170;1)
1009,4,(13008;1)
1009,335,(16335;1)
1009,644,(6973;1)
1009,1007,(8945;1)
1010,1011,(6455;1)
1010,1145,(6879;1)
1010,1147,(5408;1)
1011,1010,(6455;1)
1011,1028,(3561;1)
1012,1013,(14312;1)
1012,1151,(21959;1)
1012,1229,(6598;1)
1013,1012,(14312;1)
1013,1076,(2601;1)
1014,1076,(5161;1)
1014,1328,(1633;1)
1015,38,(4524;1)
1015,1349,(2558;1)
1015,1350,(2520;1)
1015,1427,(46362;1)
1016,1080,(989;1)
1017,715,(6340;1)
1017,1018,(5635;1)
1018,1017,(5635;1)
1018,1019,(3844;1)
1019,1018,(3844;1)
1019,1020,(5546;1)
1020,1019,(5546;1)
1021,133,(45025;1)
1021,892,(25515;1)
1021,1022,(2057;1)
1022,1021,(2057;1)
1022,1023,(12903;1)
1023,1022,(12903;1)
1023,1024,(17895;1)
1024,1023,(17895;1)
1024,1025,(20376;1)
1025,1024,(20376;1)
1026,253,(15141;1)
1026,1027,(6499;1)
1027,270,(6867;1)
1027,1026,(6499;1)
1028,715,(1500;1)
1028,1011,(3561;1)
1028,1077,(3234;1)
1029,205,(60081;1)
1029,213,(15277;1)
1030,1201,(836;1)
1031,793,(7442;1)
1031,794,(5759;1)
1032,69,(10980;1)
1032,794,(18177;1)
1033,182,(3777;1)
1034,164,(7616;1)
1034,206,(3989;1)
1035,339,(3826;1)
1035,392,(2120;1)
1036,1045,(2889;1)
1036,1046,(2889;1)
1037,1038,(2681;1)
1037,1046,(2690;1)
1038,1037,(2681;1)
1038,1039,(2676;1)
1039,1038,(2676;1)
1039,1040,(2679;1)
1040,1039,(2679;1)
1041,1042,(2881;1)
1042,1041,(2881;1)
1042,1043,(2891;1)
1043,1042,(2891;1)
1043,1044,(2887;1)
1044,1043,(2887;1)
1044,1045,(2887;1)
1045,1036,(2889;1)
1045,1044,(2887;1)
1046,1036,(2889;1)
1046,1037,(2690;1)
1046,1251,(4088;1)
1047,167,(5446;1)
1047,727,(5249;1)
1048,401,(17724;1)
1048,404,(26912;1)
1049,169,(7180;1)
1049,1050,(20049;1)
1050,167,(18163;1)
1050,1049,(20049;1)
1051,96,(26306;1)
1051,1052,(3485;1)
1051,1055,(16334;1)
1052,1051,(3485;1)
1052,1053,(9119;1)
1053,1052,(9119;1)
1053,1054,(25805;1)
1054,1053,(25805;1)
1055,114,(63123;1)
1055,1051,(16334;1)
1055,1056,(3173;1)
1056,1055,(3173;1)
1056,1057,(7722;1)
1057,1056,(7722;1)
1057,1058,(2514;1)
1058,1057,(2514;1)
1058,1059,(6615;1)
1059,1058,(6615;1)
1060,219,(33957;1)
1060,245,(6331;1)
1061,98,(12348;1)
1061,113,(6431;1)
1062,113,(10599;1)
1062,1064,(21409;1)
1063,756,(71267;1)
1063,1285,(41315;1)
1064,246,(12188;1)
1064,1062,(21409;1)
1065,156,(17789;1)
1065,427,(5415;1)
1066,1259,(7303;1)
1067,232,(2627;1)
1067,801,(18237;1)
1068,805,(1006;1)
1068,1570,(15344;1)
1069,537,(1771;1)
1069,693,(95;1)
1070,537,(1512;1)
1070,542,(3005;1)
1071,870,(15388;1)
1071,871,(3735;1)
1072,867,(10168;1)
1072,1157,(6650;1)
1073,779,(6922;1)
1073,1074,(9728;1)
1074,777,(4330;1)
1074,1073,(9728;1)
1075,526,(6722;1)
1075,1253,(2603;1)
1076,1013,(2601;1)
1076,1014,(5161;1)
1077,1028,(3234;1)
1077,1078,(1487;1)
1078,1077,(1487;1)
1078,1079,(15931;1)
1078,1230,(6930;1)
1079,1078,(15931;1)
1079,1080,(14820;1)
1079,1081,(9306;1)
1080,1016,(989;1)
1080,1079,(14820;1)
1080,1151,(3791;1)
1081,361,(3385;1)
1081,1079,(9306;1)
1082,342,(23392;1)
1082,1083,(1718;1)
1083,1082,(1718;1)
1083,1474,(1941;1)
1084,362,(2064;1)
1084,1085,(3854;1)
1085,1084,(3854;1)
1085,1086,(15554;1)
1086,1085,(15554;1)
1086,1087,(11655;1)
1087,1086,(11655;1)
1087,1088,(12384;1)
1088,1087,(12384;1)
1088,1089,(28401;1)
1089,1088,(28401;1)
1089,1090,(28009;1)
1090,1089,(28009;1)
1091,80,(34425;1)
1091,1092,(4828;1)
1092,1091,(4828;1)
1092,1093,(8225;1)
1093,1092,(8225;1)
1093,1094,(17931;1)
1094,1093,(17931;1)
1094,1095,(23627;1)
1095,1094,(23627;1)
1096,233,(19248;1)
1096,1097,(7628;1)
1097,1096,(7628;1)
1097,1099,(9233;1)
1098,237,(21387;1)
1098,830,(3877;1)
1099,832,(7125;1)
1099,1097,(9233;1)
1100,66,(2274;1)
1100,861,(45103;1)
1100,1101,(23366;1)
1101,1100,(23366;1)
1101,1102,(16095;1)
1102,1101,(16095;1)
1103,470,(7599;1)
1103,551,(29396;1)
1103,1104,(38819;1)
1104,1103,(38819;1)
1104,1105,(15969;1)
1105,1104,(15969;1)
1106,1107,(8806;1)
1107,1106,(8806;1)
1108,191,(5931;1)
1108,772,(4484;1)
1109,1110,(11171;1)
1110,1109,(11171;1)
1110,1111,(2996;1)
1111,203,(5362;1)
1111,719,(22612;1)
1111,1110,(2996;1)
1112,162,(20524;1)
1112,455,(25546;1)
1112,1340,(2152;1)
1113,1120,(4561;1)
1113,1340,(1226;1)
1114,1115,(9528;1)
1114,1120,(9089;1)
1115,1114,(9528;1)
1115,1116,(12120;1)
1116,1115,(12120;1)
1116,1117,(23302;1)
1116,1119,(8543;1)
1117,1116,(23302;1)
1117,1118,(9025;1)
1117,1121,(8725;1)
1118,1117,(9025;1)
1119,1116,(8543;1)
1120,1113,(4561;1)
1120,1114,(9089;1)
1121,1117,(8725;1)
1122,1123,(21574;1)
1123,1122,(21574;1)
1123,1124,(10825;1)
1124,1123,(10825;1)
1124,1125,(8436;1)
1125,1124,(8436;1)
1125,1126,(3982;1)
1126,135,(6563;1)
1126,746,(6123;1)
1126,1125,(3982;1)
1127,1128,(2985;1)
1128,188,(17604;1)
1128,1127,(2985;1)
1129,91,(8213;1)
1130,90,(4975;1)
1130,907,(10874;1)
1130,1557,(5574;1)
1130,1567,(8535;1)
1131,90,(7781;1)
1131,1596,(1400;1)
1132,101,(3301;1)
1132,1133,(6211;1)
1133,806,(18102;1)
1133,1132,(6211;1)
1134,101,(28215;1)
1134,110,(5041;1)
1135,90,(10527;1)
1135,1136,(14208;1)
1135,1568,(3262;1)
1135,1569,(3856;1)
1136,721,(26097;1)
1136,1135,(14208;1)
1137,90,(13966;1)
1137,110,(37637;1)
1138,109,(3329;1)
1138,1551,(67548;1)
1139,47,(9570;1)
1139,109,(9020;1)
1139,1584,(2950;1)
1139,1594,(2491;1)
1140,45,(23332;1)
1140,1141,(19579;1)
1141,46,(19712;1)
1141,1140,(19579;1)
1142,410,(14903;1)
1142,1805,(7075;1)
1143,445,(3173;1)
1143,1144,(3836;1)
1144,1143,(3836;1)
1144,1331,(4534;1)
1144,1365,(2301;1)
1144,1398,(3655;1)
1145,361,(7765;1)
1145,1010,(6879;1)
1146,361,(5352;1)
1146,550,(5774;1)
1147,1010,(5408;1)
1147,1378,(7353;1)
1148,1149,(8821;1)
1148,1333,(14263;1)
1149,358,(10335;1)
1149,1148,(8821;1)
1150,59,(17118;1)
1150,60,(17254;1)
1151,1012,(21959;1)
1151,1080,(3791;1)
1152,38,(11777;1)
1152,417,(3883;1)
1153,343,(3029;1)
1153,397,(4962;1)
1154,31,(78537;1)
1154,399,(12407;1)
1155,397,(3853;1)
1155,1320,(995;1)
1156,33,(2506;1)
1156,34,(16574;1)
1157,1072,(6650;1)
1157,1531,(2073;1)
1158,868,(7996;1)
1158,1228,(1231;1)
1159,390,(10035;1)
1159,1161,(8948;1)
1160,50,(34462;1)
1160,51,(10619;1)
1161,52,(37739;1)
1161,1159,(8948;1)
1162,518,(7920;1)
1162,1182,(5031;1)
1163,972,(15183;1)
1163,994,(15927;1)
1164,1727,(3135;1)
1165,49,(4308;1)
1165,1701,(4858;1)
1165,1731,(2530;1)
1165,1732,(2860;1)
1166,410,(6462;1)
1166,548,(3825;1)
1167,424,(4434;1)
1167,553,(3620;1)
1168,423,(3080;1)
1168,553,(2855;1)
1169,353,(5517;1)
1169,1170,(2871;1)
1170,351,(3234;1)
1170,1169,(2871;1)
1171,350,(4027;1)
1171,351,(3328;1)
1172,1173,(4497;1)
1172,1174,(4322;1)
1173,424,(4617;1)
1173,1172,(4497;1)
1174,350,(5507;1)
1174,1172,(4322;1)
1175,191,(1438;1)
1175,350,(3130;1)
1175,1255,(10722;1)
1176,1177,(5810;1)
1176,1178,(6365;1)
1177,1176,(5810;1)
1177,1218,(4545;1)
1178,412,(7344;1)
1178,1176,(6365;1)
1179,8,(7513;1)
1179,1506,(17258;1)
1180,40,(11449;1)
1180,71,(12415;1)
1181,154,(39188;1)
1181,171,(8960;1)
1182,56,(3710;1)
1182,1162,(5031;1)
1183,210,(322;1)
1183,467,(12487;1)
1184,694,(4730;1)
1184,695,(4752;1)
1185,1186,(4759;1)
1185,1501,(1550;1)
1186,531,(2704;1)
1186,1185,(4759;1)
1187,1188,(3757;1)
1188,387,(3280;1)
1188,1187,(3757;1)
1189,1190,(1925;1)
1190,1189,(1925;1)
1190,1191,(1739;1)
1191,1190,(1739;1)
1191,1192,(1596;1)
1192,1191,(1596;1)
1192,1193,(2507;1)
1193,1192,(2507;1)
1193,1194,(4028;1)
1194,387,(3829;1)
1194,388,(4913;1)
1194,1193,(4028;1)
1195,1196,(3652;1)
1195,1197,(3863;1)
1196,388,(4193;1)
1196,1195,(3652;1)
1197,1195,(3863;1)
1197,1198,(2904;1)
1198,438,(3580;1)
1198,1197,(2904;1)
1199,68,(4028;1)
1199,438,(3499;1)
1200,68,(4516;1)
1200,1203,(34676;1)
1201,1030,(836;1)
1201,1207,(2650;1)
1201,1208,(2484;1)
1202,70,(11489;1)
1202,792,(1558;1)
1202,1209,(5345;1)
1203,1200,(34676;1)
1203,1204,(4886;1)
1203,1206,(22857;1)
1204,1203,(4886;1)
1204,1205,(20103;1)
1205,1204,(20103;1)
1205,1206,(12049;1)
1206,69,(5075;1)
1206,1203,(22857;1)
1206,1205,(12049;1)
1207,1201,(2650;1)
1207,1210,(1905;1)
1208,1201,(2484;1)
1208,1214,(2314;1)
1209,1202,(5345;1)
1209,1210,(5652;1)
1210,1207,(1905;1)
1210,1209,(5652;1)
1210,1211,(6328;1)
1211,1210,(6328;1)
1211,1212,(4455;1)
1212,70,(10631;1)
1212,1211,(4455;1)
1212,1216,(9836;1)
1213,1214,(1802;1)
1214,1208,(2314;1)
1214,1213,(1802;1)
1214,1215,(5773;1)
1215,1214,(5773;1)
1215,1216,(4170;1)
1216,793,(6357;1)
1216,1212,(9836;1)
1216,1215,(4170;1)
1217,211,(17030;1)
1218,353,(13356;1)
1218,1177,(4545;1)
1219,941,(1031;1)
1219,1220,(1186;1)
1220,940,(5607;1)
1220,1219,(1186;1)
1221,939,(13001;1)
1221,940,(20579;1)
1222,893,(8059;1)
1222,898,(13163;1)
1222,899,(1321;1)
1223,955,(13402;1)
1223,956,(1546;1)
1224,344,(9108;1)
1224,874,(7200;1)
1225,876,(9495;1)
1225,877,(11194;1)
1226,1227,(2535;1)
1227,872,(3087;1)
1227,1226,(2535;1)
1228,869,(2038;1)
1228,1158,(1231;1)
1229,1012,(6598;1)
1229,1230,(14079;1)
1230,1078,(6930;1)
1230,1229,(14079;1)
1231,824,(11172;1)
1231,1232,(6000;1)
1232,825,(601;1)
1232,1231,(6000;1)
1233,144,(8845;1)
1233,1234,(5989;1)
1234,1233,(5989;1)
1234,1235,(4165;1)
1235,143,(7755;1)
1235,1234,(4165;1)
1236,817,(243;1)
1236,1237,(6961;1)
1237,816,(1399;1)
1237,1236,(6961;1)
1238,443,(12112;1)
1238,1239,(9471;1)
1239,112,(3676;1)
1239,1238,(9471;1)
1240,230,(11188;1)
1240,1241,(6962;1)
1241,137,(14609;1)
1241,1240,(6962;1)
1242,681,(4443;1)
1242,1251,(21729;1)
1243,638,(1652;1)
1243,660,(1652;1)
1243,1244,(926;1)
1244,1243,(926;1)
1245,611,(1635;1)
1245,614,(1645;1)
1245,1246,(954;1)
1246,1245,(954;1)
1247,4,(976;1)
1247,629,(935;1)
1248,588,(538;1)
1249,180,(14443;1)
1250,1251,(25761;1)
1251,215,(4349;1)
1251,1046,(4088;1)
1251,1242,(21729;1)
1251,1250,(25761;1)
1252,3,(1028;1)
1252,588,(2735;1)
1253,375,(2843;1)
1253,1075,(2603;1)
1254,149,(51278;1)
1255,1175,(10722;1)
1256,95,(3705;1)
1256,934,(5617;1)
1257,821,(19854;1)
1257,1258,(5938;1)
1258,820,(581;1)
1258,1257,(5938;1)
1259,1066,(7303;1)
1259,1260,(4985;1)
1260,1259,(4985;1)
1260,1262,(26657;1)
1261,1262,(6589;1)
1261,1481,(1143;1)
1262,1260,(26657;1)
1262,1261,(6589;1)
1263,827,(6659;1)
1263,1264,(5985;1)
1264,828,(13151;1)
1264,1263,(5985;1)
1265,829,(2507;1)
1265,1266,(5997;1)
1266,827,(12995;1)
1266,1265,(5997;1)
1267,832,(13996;1)
1267,1268,(5990;1)
1268,833,(9229;1)
1268,1267,(5990;1)
1269,822,(308;1)
1269,1270,(5995;1)
1270,823,(9972;1)
1270,1269,(5995;1)
1271,110,(2760;1)
1271,400,(2659;1)
1271,1552,(4514;1)
1272,386,(3938;1)
1272,1291,(3853;1)
1273,815,(4035;1)
1273,1274,(2965;1)
1274,814,(8261;1)
1274,1273,(2965;1)
1275,783,(13385;1)
1275,1276,(5072;1)
1276,63,(4857;1)
1276,1275,(5072;1)
1277,62,(5851;1)
1277,63,(12937;1)
1278,61,(12119;1)
1279,77,(3690;1)
1279,276,(4109;1)
1280,77,(4084;1)
1280,851,(13280;1)
1281,103,(13171;1)
1281,407,(12040;1)
1282,152,(12196;1)
1282,197,(4722;1)
1283,61,(19860;1)
1283,62,(8356;1)
1284,852,(8944;1)
1284,1765,(16553;1)
1285,1063,(41315;1)
1285,1782,(10005;1)
1286,74,(10423;1)
1286,131,(35237;1)
1287,175,(5459;1)
1287,1785,(7151;1)
1288,296,(9609;1)
1288,310,(12727;1)
1289,298,(3308;1)
1289,312,(3397;1)
1290,252,(5069;1)
1290,260,(4859;1)
1290,299,(7070;1)
1291,1272,(3853;1)
1291,1292,(13619;1)
1292,1291,(13619;1)
1292,1293,(8736;1)
1293,250,(11600;1)
1293,1292,(8736;1)
1294,161,(8740;1)
1294,162,(28154;1)
1295,465,(2609;1)
1295,1466,(5105;1)
1295,1491,(2505;1)
1295,1505,(5009;1)
1296,1297,(20186;1)
1296,1466,(1052;1)
1297,349,(11491;1)
1297,396,(3300;1)
1297,464,(23110;1)
1297,1296,(20186;1)
1298,1299,(23810;1)
1298,1754,(4635;1)
1299,547,(20943;1)
1299,1298,(23810;1)
1300,787,(6817;1)
1300,1301,(7116;1)
1301,788,(7888;1)
1301,1300,(7116;1)
1302,397,(2701;1)
1302,1325,(1497;1)
1303,199,(7302;1)
1303,1304,(9419;1)
1304,368,(5969;1)
1304,1303,(9419;1)
1305,59,(2966;1)
1305,368,(3135;1)
1306,195,(7973;1)
1306,1307,(9706;1)
1307,1306,(9706;1)
1307,1395,(46574;1)
1308,389,(4118;1)
1308,1517,(1205;1)
1309,244,(1165;1)
1309,389,(4144;1)
1310,22,(8781;1)
1310,23,(36722;1)
1311,185,(2861;1)
1311,539,(11981;1)
1312,101,(36245;1)
1312,1596,(1519;1)
1313,0,(4457;1)
1313,1,(22789;1)
1314,0,(4831;1)
1315,1316,(1797;1)
1315,1319,(1749;1)
1316,1315,(1797;1)
1316,1439,(2887;1)
1317,1318,(3578;1)
1317,1439,(3317;1)
1318,1317,(3578;1)
1318,1322,(5056;1)
1319,456,(876;1)
1319,1315,(1749;1)
1319,1341,(2805;1)
1320,399,(1736;1)
1320,1155,(995;1)
1320,1321,(9796;1)
1321,1320,(9796;1)
1321,1322,(1537;1)
1322,1318,(5056;1)
1322,1321,(1537;1)
1323,1324,(16118;1)
1323,1327,(3397;1)
1324,1323,(16118;1)
1324,1328,(3859;1)
1325,398,(1662;1)
1325,1302,(1497;1)
1325,1326,(8278;1)
1325,1524,(9912;1)
1326,1325,(8278;1)
1326,1327,(2268;1)
1327,1323,(3397;1)
1327,1326,(2268;1)
1328,1014,(1633;1)
1328,1324,(3859;1)
1328,1349,(587;1)
1328,1431,(3025;1)
1329,184,(4583;1)
1329,359,(22033;1)
1330,41,(6171;1)
1330,359,(7674;1)
1331,40,(4567;1)
1331,1144,(4534;1)
1332,411,(36344;1)
1332,445,(3309;1)
1333,1148,(14263;1)
1333,1399,(3777;1)
1334,446,(4440;1)
1334,447,(5930;1)
1335,161,(29146;1)
1335,364,(5592;1)
1335,1336,(2049;1)
1335,1339,(2475;1)
1336,1335,(2049;1)
1336,1338,(823;1)
1337,1339,(2633;1)
1337,1345,(5253;1)
1337,1358,(2614;1)
1338,1336,(823;1)
1338,1344,(1011;1)
1338,1489,(16344;1)
1339,1335,(2475;1)
1339,1337,(2633;1)
1340,1112,(2152;1)
1340,1113,(1226;1)
1340,1341,(23476;1)
1340,1342,(5260;1)
1341,1319,(2805;1)
1341,1340,(23476;1)
1342,1340,(5260;1)
1342,1343,(16176;1)
1343,1342,(16176;1)
1343,1344,(63117;1)
1344,1338,(1011;1)
1344,1343,(63117;1)
1345,1337,(5253;1)
1345,1357,(1258;1)
1346,1347,(4557;1)
1346,1354,(6376;1)
1347,1346,(4557;1)
1347,1355,(6031;1)
1348,1351,(2093;1)
1348,1359,(16228;1)
1349,1015,(2558;1)
1349,1328,(587;1)
1350,1015,(2520;1)
1350,1422,(743;1)
1351,1348,(2093;1)
1351,1422,(897;1)
1352,1353,(17736;1)
1352,1359,(8478;1)
1353,1352,(17736;1)
1353,1354,(28654;1)
1354,1346,(6376;1)
1354,1353,(28654;1)
1355,1347,(6031;1)
1355,1356,(5384;1)
1356,1355,(5384;1)
1356,1358,(22552;1)
1357,364,(5056;1)
1357,367,(5272;1)
1357,1345,(1258;1)
1357,1444,(2003;1)
1358,1337,(2614;1)
1358,1356,(22552;1)
1359,1348,(16228;1)
1359,1352,(8478;1)
1360,40,(2968;1)
1360,1361,(6208;1)
1361,1360,(6208;1)
1361,1376,(4573;1)
1361,1807,(5719;1)
1362,39,(3320;1)
1362,1364,(1578;1)
1363,39,(2263;1)
1363,1378,(1193;1)
1364,1362,(1578;1)
1364,1420,(9563;1)
1364,1421,(12159;1)
1365,1144,(2301;1)
1365,1376,(3293;1)
1366,408,(2503;1)
1366,1407,(930;1)
1367,408,(2228;1)
1367,1368,(1031;1)
1368,1367,(1031;1)
1368,1385,(3440;1)
1368,1391,(2889;1)
1368,1806,(6926;1)
1369,359,(2258;1)
1369,1371,(1052;1)
1370,410,(22834;1)
1370,412,(3689;1)
1371,1369,(1052;1)
1371,1372,(1059;1)
1371,1409,(9576;1)
1371,1410,(3843;1)
1372,1371,(1059;1)
1373,1377,(2171;1)
1373,1392,(12018;1)
1374,1376,(2039;1)
1374,1377,(2056;1)
1375,1382,(9099;1)
1375,1807,(2140;1)
1376,1361,(4573;1)
1376,1365,(3293;1)
1376,1374,(2039;1)
1377,1373,(2171;1)
1377,1374,(2056;1)
1378,1147,(7353;1)
1378,1363,(1193;1)
1378,1379,(9953;1)
1378,1434,(9150;1)
1379,1378,(9953;1)
1379,1380,(7136;1)
1380,1379,(7136;1)
1380,1381,(5346;1)
1381,1380,(5346;1)
1381,1382,(6492;1)
1382,1375,(9099;1)
1382,1381,(6492;1)
1383,192,(7782;1)
1383,359,(3385;1)
1383,1388,(5885;1)
1383,1390,(4971;1)
1384,1386,(2728;1)
1384,1387,(2699;1)
1384,1805,(3473;1)
1385,1368,(3440;1)
1385,1386,(3183;1)
1386,1384,(2728;1)
1386,1385,(3183;1)
1387,1384,(2699;1)
1387,1388,(4593;1)
1388,1383,(5885;1)
1388,1387,(4593;1)
1389,1390,(15942;1)
1389,1393,(6281;1)
1390,1383,(4971;1)
1390,1389,(15942;1)
1391,1368,(2889;1)
1391,1392,(36898;1)
1392,1373,(12018;1)
1392,1391,(36898;1)
1393,1389,(6281;1)
1394,17,(10274;1)
1394,366,(10654;1)
1395,1307,(46574;1)
1395,1451,(6563;1)
1396,12,(2061;1)
1396,1490,(1293;1)
1396,1499,(2889;1)
1397,1410,(15049;1)
1398,446,(3395;1)
1398,1144,(3655;1)
1398,1403,(3350;1)
1398,1404,(2838;1)
1399,40,(4347;1)
1399,1333,(3777;1)
1399,1400,(3246;1)
1399,1405,(3696;1)
1400,1399,(3246;1)
1400,1415,(4978;1)
1401,1402,(4301;1)
1401,1413,(5216;1)
1402,1401,(4301;1)
1402,1403,(4292;1)
1403,1398,(3350;1)
1403,1402,(4292;1)
1404,1398,(2838;1)
1404,1405,(5034;1)
1405,1399,(3696;1)
1405,1404,(5034;1)
1406,1407,(5467;1)
1406,1408,(4595;1)
1407,778,(947;1)
1407,1366,(930;1)
1407,1406,(5467;1)
1407,1411,(23936;1)
1408,1406,(4595;1)
1408,1409,(4174;1)
1409,1371,(9576;1)
1409,1408,(4174;1)
1410,1371,(3843;1)
1410,1397,(15049;1)
1411,1407,(23936;1)
1411,1412,(15052;1)
1412,1411,(15052;1)
1412,1413,(6722;1)
1413,1401,(5216;1)
1413,1412,(6722;1)
1414,1415,(22520;1)
1414,1420,(6345;1)
1415,1400,(4978;1)
1415,1414,(22520;1)
1416,1417,(1757;1)
1416,1428,(1922;1)
1417,1416,(1757;1)
1417,1421,(18007;1)
1418,1419,(2911;1)
1418,1425,(2533;1)
1419,1418,(2911;1)
1419,1420,(19110;1)
1420,1364,(9563;1)
1420,1414,(6345;1)
1420,1419,(19110;1)
1421,1364,(12159;1)
1421,1417,(18007;1)
1421,1424,(7687;1)
1422,1350,(743;1)
1422,1351,(897;1)
1422,1423,(6574;1)
1422,1438,(1328;1)
1423,1422,(6574;1)
1423,1424,(32449;1)
1424,1421,(7687;1)
1424,1423,(32449;1)
1425,1418,(2533;1)
1425,1430,(7784;1)
1426,39,(9513;1)
1426,71,(12204;1)
1427,39,(12008;1)
1427,1015,(46362;1)
1428,1416,(1922;1)
1428,1430,(8018;1)
1429,1430,(15479;1)
1430,1425,(7784;1)
1430,1428,(8018;1)
1430,1429,(15479;1)
1431,1328,(3025;1)
1431,1432,(1675;1)
1432,1431,(1675;1)
1432,1433,(10408;1)
1433,1432,(10408;1)
1433,1434,(33262;1)
1434,1378,(9150;1)
1434,1433,(33262;1)
1435,38,(3448;1)
1435,455,(7814;1)
1435,1436,(1293;1)
1435,1438,(2760;1)
1436,1435,(1293;1)
1436,1437,(1363;1)
1437,1436,(1363;1)
1437,1440,(1248;1)
1438,1422,(1328;1)
1438,1435,(2760;1)
1439,1316,(2887;1)
1439,1317,(3317;1)
1439,1440,(1373;1)
1440,1437,(1248;1)
1440,1439,(1373;1)
1441,177,(3064;1)
1441,396,(682;1)
1441,1453,(20502;1)
1441,1454,(23255;1)
1442,16,(2432;1)
1442,1456,(949;1)
1443,15,(3299;1)
1443,466,(3438;1)
1443,1454,(3228;1)
1443,1455,(2967;1)
1444,1357,(2003;1)
1444,1447,(537;1)
1445,1446,(8730;1)
1445,1459,(8370;1)
1446,1445,(8730;1)
1446,1447,(8504;1)
1447,1444,(537;1)
1447,1446,(8504;1)
1448,156,(3715;1)
1448,1449,(22737;1)
1448,1458,(13676;1)
1448,1480,(6089;1)
1449,427,(3098;1)
1449,428,(27120;1)
1449,1448,(22737;1)
1449,1450,(15937;1)
1450,1449,(15937;1)
1450,1457,(11784;1)
1451,17,(3181;1)
1451,1395,(6563;1)
1451,1452,(18648;1)
1451,1457,(5616;1)
1452,1451,(18648;1)
1452,1456,(15051;1)
1453,1441,(20502;1)
1453,1466,(4006;1)
1453,1470,(432;1)
1454,1441,(23255;1)
1454,1443,(3228;1)
1455,1443,(2967;1)
1455,1456,(15557;1)
1456,1442,(949;1)
1456,1452,(15051;1)
1456,1455,(15557;1)
1457,1450,(11784;1)
1457,1451,(5616;1)
1458,1448,(13676;1)
1458,1459,(14488;1)
1459,1445,(8370;1)
1459,1458,(14488;1)
1460,1461,(5421;1)
1460,1482,(1286;1)
1460,1483,(15201;1)
1461,156,(4970;1)
1461,520,(24175;1)
1461,1460,(5421;1)
1462,1464,(3362;1)
1462,1465,(3610;1)
1463,1464,(11983;1)
1463,1471,(19720;1)
1464,1462,(3362;1)
1464,1463,(11983;1)
1465,1462,(3610;1)
1465,1476,(6944;1)
1466,1295,(5105;1)
1466,1296,(1052;1)
1466,1453,(4006;1)
1466,1502,(36885;1)
1467,12,(5476;1)
1467,177,(20111;1)
1467,1469,(1974;1)
1467,1470,(2952;1)
1468,1469,(833;1)
1468,1471,(1395;1)
1468,1494,(1845;1)
1468,1676,(6860;1)
1469,1467,(1974;1)
1469,1468,(833;1)
1470,1453,(432;1)
1470,1467,(2952;1)
1471,1463,(19720;1)
1471,1468,(1395;1)
1472,17,(2219;1)
1472,1473,(2450;1)
1473,1472,(2450;1)
1473,1479,(4591;1)
1473,1485,(5748;1)
1474,16,(4811;1)
1474,1083,(1941;1)
1474,1475,(2945;1)
1474,1478,(8216;1)
1475,1474,(2945;1)
1475,1476,(14577;1)
1476,1465,(6944;1)
1476,1475,(14577;1)
1477,1485,(5753;1)
1477,1486,(7766;1)
1478,1474,(8216;1)
1478,1479,(20523;1)
1479,1473,(4591;1)
1479,1478,(20523;1)
1480,157,(35717;1)
1480,1448,(6089;1)
1481,1261,(1143;1)
1481,1483,(7788;1)
1481,1484,(7818;1)
1482,1460,(1286;1)
1482,1487,(11559;1)
1483,1460,(15201;1)
1483,1481,(7788;1)
1484,1481,(7818;1)
1484,1486,(12469;1)
1485,1473,(5748;1)
1485,1477,(5753;1)
1486,1477,(7766;1)
1486,1484,(12469;1)
1487,1482,(11559;1)
1487,1488,(7236;1)
1488,1487,(7236;1)
1488,1489,(6058;1)
1489,1338,(16344;1)
1489,1488,(6058;1)
1490,13,(45087;1)
1490,1396,(1293;1)
1490,1493,(1761;1)
1490,1494,(3926;1)
1491,1295,(2505;1)
1491,1492,(987;1)
1492,1491,(987;1)
1492,1497,(4158;1)
1492,1498,(4802;1)
1493,1490,(1761;1)
1493,1495,(1016;1)
1494,1468,(1845;1)
1494,1490,(3926;1)
1495,1493,(1016;1)
1495,1499,(1111;1)
1495,1694,(9916;1)
1496,1497,(25200;1)
1496,1500,(8897;1)
1497,1492,(4158;1)
1497,1496,(25200;1)
1498,1492,(4802;1)
1498,1499,(5235;1)
1499,521,(1112;1)
1499,1396,(2889;1)
1499,1495,(1111;1)
1499,1498,(5235;1)
1500,1496,(8897;1)
1500,1501,(25760;1)
1501,621,(1453;1)
1501,1185,(1550;1)
1501,1500,(25760;1)
1502,1466,(36885;1)
1502,1503,(11908;1)
1503,1502,(11908;1)
1503,1504,(22448;1)
1504,1503,(22448;1)
1505,440,(24451;1)
1505,1295,(5009;1)
1506,440,(14129;1)
1506,1179,(17258;1)
1507,1514,(4470;1)
1507,1515,(20552;1)
1508,743,(3035;1)
1508,1665,(1886;1)
1509,743,(3001;1)
1509,1513,(682;1)
1510,1511,(1116;1)
1510,1801,(1140;1)
1511,1510,(1116;1)
1511,1512,(1138;1)
1512,1511,(1138;1)
1512,1513,(3511;1)
1513,1509,(682;1)
1513,1512,(3511;1)
1513,1804,(902;1)
1514,24,(3500;1)
1514,117,(60130;1)
1514,1507,(4470;1)
1514,1747,(7319;1)
1515,1507,(20552;1)
1515,1516,(31338;1)
1516,1515,(31338;1)
1516,1801,(3149;1)
1517,1308,(1205;1)
1517,1668,(782;1)
1517,1690,(2079;1)
1518,1519,(1852;1)
1518,1668,(912;1)
1519,1518,(1852;1)
1519,1520,(1408;1)
1520,1519,(1408;1)
1520,1802,(1321;1)
1521,194,(2987;1)
1521,217,(11865;1)
1521,1522,(17429;1)
1521,1739,(37042;1)
1522,1521,(17429;1)
1522,1802,(47996;1)
1523,1532,(2996;1)
1523,1533,(9803;1)
1524,1325,(9912;1)
1524,1532,(2440;1)
1525,14,(4896;1)
1525,1527,(989;1)
1526,14,(4062;1)
1526,1530,(1571;1)
1527,1525,(989;1)
1527,1665,(3964;1)
1527,1799,(2960;1)
1528,35,(24415;1)
1528,243,(1585;1)
1529,244,(845;1)
1529,1669,(697;1)
1530,243,(1282;1)
1530,1526,(1571;1)
1530,1669,(1228;1)
1531,866,(7317;1)
1531,1157,(2073;1)
1531,1533,(22094;1)
1531,1534,(5615;1)
1532,120,(5514;1)
1532,555,(58311;1)
1532,1523,(2996;1)
1532,1524,(2440;1)
1533,1523,(9803;1)
1533,1531,(22094;1)
1534,1531,(5615;1)
1534,1535,(34038;1)
1535,1534,(34038;1)
1535,1537,(31870;1)
1536,1537,(21028;1)
1536,1538,(9386;1)
1537,1535,(31870;1)
1537,1536,(21028;1)
1538,1536,(9386;1)
1538,1539,(7312;1)
1539,1538,(7312;1)
1539,1540,(16458;1)
1540,1539,(16458;1)
1540,1541,(10893;1)
1541,1540,(10893;1)
1541,1799,(2896;1)
1542,93,(14517;1)
1542,207,(9666;1)
1543,207,(8993;1)
1544,1595,(2277;1)
1544,1597,(2360;1)
1545,519,(8503;1)
1545,1624,(23082;1)
1545,1626,(34739;1)
1546,1612,(662;1)
1546,1615,(10578;1)
1547,1610,(3561;1)
1547,1612,(838;1)
1548,1549,(13570;1)
1548,1664,(28974;1)
1549,1548,(13570;1)
1549,1665,(992;1)
1550,54,(3850;1)
1550,509,(1455;1)
1550,1642,(10844;1)
1550,1647,(20323;1)
1551,721,(14887;1)
1551,1138,(67548;1)
1552,1271,(4514;1)
1552,1556,(854;1)
1553,1554,(3837;1)
1553,1566,(4283;1)
1554,1553,(3837;1)
1554,1555,(16528;1)
1555,1554,(16528;1)
1555,1556,(29380;1)
1556,1552,(854;1)
1556,1555,(29380;1)
1557,1130,(5574;1)
1557,1566,(1418;1)
1558,91,(3065;1)
1558,1559,(1020;1)
1559,1558,(1020;1)
1559,1561,(2331;1)
1559,1562,(7066;1)
1560,1561,(30080;1)
1560,1565,(6909;1)
1561,1559,(2331;1)
1561,1560,(30080;1)
1562,1559,(7066;1)
1563,1564,(2713;1)
1563,1566,(2768;1)
1564,1563,(2713;1)
1564,1565,(4572;1)
1565,907,(4724;1)
1565,908,(1023;1)
1565,1560,(6909;1)
1565,1564,(4572;1)
1566,1553,(4283;1)
1566,1557,(1418;1)
1566,1563,(2768;1)
1567,1130,(8535;1)
1567,1581,(1785;1)
1568,1135,(3262;1)
1568,1582,(897;1)
1569,1135,(3856;1)
1569,1595,(1144;1)
1570,109,(3591;1)
1570,1068,(15344;1)
1570,1571,(4301;1)
1570,1583,(2602;1)
1571,1570,(4301;1)
1571,1585,(5765;1)
1572,1574,(20295;1)
1572,1583,(59344;1)
1573,1574,(7965;1)
1573,1576,(14416;1)
1574,1572,(20295;1)
1574,1573,(7965;1)
1575,1576,(10917;1)
1575,1582,(9170;1)
1576,1573,(14416;1)
1576,1575,(10917;1)
1577,91,(4068;1)
1577,1578,(31304;1)
1578,1577,(31304;1)
1578,1579,(10695;1)
1579,1578,(10695;1)
1579,1580,(11186;1)
1580,1579,(11186;1)
1580,1581,(1447;1)
1581,1567,(1785;1)
1581,1580,(1447;1)
1581,1582,(1579;1)
1582,1568,(897;1)
1582,1575,(9170;1)
1582,1581,(1579;1)
1583,1570,(2602;1)
1583,1572,(59344;1)
1584,1139,(2950;1)
1584,1585,(663;1)
1585,1571,(5765;1)
1585,1584,(663;1)
1586,1591,(5377;1)
1586,1592,(4146;1)
1587,1588,(539;1)
1587,1591,(7422;1)
1588,1587,(539;1)
1588,1589,(737;1)
1589,1588,(737;1)
1589,1590,(805;1)
1590,1589,(805;1)
1590,1659,(5324;1)
1591,47,(3171;1)
1591,58,(21938;1)
1591,1586,(5377;1)
1591,1587,(7422;1)
1592,1586,(4146;1)
1592,1594,(824;1)
1592,1638,(9465;1)
1592,1639,(1904;1)
1593,949,(8113;1)
1593,950,(1403;1)
1593,1637,(4612;1)
1593,1638,(22601;1)
1594,1139,(2491;1)
1594,1592,(824;1)
1595,1544,(2277;1)
1595,1569,(1144;1)
1595,1596,(5337;1)
1596,1131,(1400;1)
1596,1312,(1519;1)
1596,1595,(5337;1)
1597,1544,(2360;1)
1597,1598,(10262;1)
1598,1597,(10262;1)
1598,1599,(28846;1)
1599,1598,(28846;1)
1599,1600,(11851;1)
1600,1599,(11851;1)
1600,1601,(13473;1)
1601,1600,(13473;1)
1601,1639,(64481;1)
1602,994,(4457;1)
1602,995,(927;1)
1602,1630,(9721;1)
1602,1634,(3315;1)
1603,52,(3017;1)
1603,232,(33306;1)
1603,1619,(1728;1)
1603,1620,(1728;1)
1604,1616,(8879;1)
1604,1617,(6614;1)
1605,1606,(1506;1)
1605,1608,(984;1)
1606,51,(4997;1)
1606,744,(12279;1)
1606,1605,(1506;1)
1606,1607,(1817;1)
1607,1606,(1817;1)
1607,1609,(5751;1)
1608,1605,(984;1)
1608,1616,(7960;1)
1609,1607,(5751;1)
1609,1615,(13602;1)
1610,1547,(3561;1)
1610,1611,(1096;1)
1611,1610,(1096;1)
1611,1614,(889;1)
1612,1546,(662;1)
1612,1547,(838;1)
1613,1614,(14502;1)
1613,1804,(28412;1)
1614,1611,(889;1)
1614,1613,(14502;1)
1615,1546,(10578;1)
1615,1609,(13602;1)
1616,1604,(8879;1)
1616,1608,(7960;1)
1617,1604,(6614;1)
1617,1618,(11458;1)
1618,1617,(11458;1)
1618,1619,(22417;1)
1619,1603,(1728;1)
1619,1618,(22417;1)
1620,1603,(1728;1)
1620,1625,(20554;1)
1621,1622,(5921;1)
1621,1625,(804;1)
1622,1621,(5921;1)
1622,1623,(2102;1)
1623,1622,(2102;1)
1623,1624,(2062;1)
1624,1545,(23082;1)
1624,1623,(2062;1)
1625,1620,(20554;1)
1625,1621,(804;1)
1626,1545,(34739;1)
1626,1627,(9355;1)
1627,1626,(9355;1)
1627,1628,(7643;1)
1628,1627,(7643;1)
1628,1629,(9573;1)
1629,1628,(9573;1)
1629,1630,(6181;1)
1630,1602,(9721;1)
1630,1629,(6181;1)
1631,972,(3855;1)
1631,973,(594;1)
1631,1633,(8125;1)
1631,1634,(29043;1)
1632,1635,(1419;1)
1632,1636,(6227;1)
1633,1631,(8125;1)
1633,1635,(1527;1)
1634,1602,(3315;1)
1634,1631,(29043;1)
1635,1632,(1419;1)
1635,1633,(1527;1)
1636,1632,(6227;1)
1636,1637,(5115;1)
1637,1593,(4612;1)
1637,1636,(5115;1)
1638,1592,(9465;1)
1638,1593,(22601;1)
1639,1592,(1904;1)
1639,1601,(64481;1)
1640,52,(2831;1)
1640,1643,(16382;1)
1640,1660,(24168;1)
1641,1644,(1487;1)
1641,1645,(7206;1)
1642,519,(4368;1)
1642,1550,(10844;1)
1642,1660,(26054;1)
1643,1640,(16382;1)
1643,1646,(25140;1)
1644,390,(3616;1)
1644,517,(1113;1)
1644,1641,(1487;1)
1644,1667,(2068;1)
1645,1641,(7206;1)
1645,1646,(6993;1)
1646,1643,(25140;1)
1646,1645,(6993;1)
1647,1550,(20323;1)
1647,1648,(9277;1)
1648,1647,(9277;1)
1648,1649,(20896;1)
1649,1648,(20896;1)
1649,1650,(6435;1)
1650,1649,(6435;1)
1650,1652,(5610;1)
1651,1652,(19788;1)
1651,1653,(8082;1)
1652,1650,(5610;1)
1652,1651,(19788;1)
1653,1651,(8082;1)
1653,1654,(9441;1)
1654,1653,(9441;1)
1654,1655,(8474;1)
1655,1654,(8474;1)
1655,1656,(9058;1)
1656,1655,(9058;1)
1656,1657,(11070;1)
1657,1656,(11070;1)
1657,1659,(15905;1)
1658,46,(31234;1)
1658,47,(7208;1)
1659,1590,(5324;1)
1659,1657,(15905;1)
1660,1640,(24168;1)
1660,1642,(26054;1)
1661,1662,(10959;1)
1661,1666,(6753;1)
1662,1661,(10959;1)
1662,1663,(5343;1)
1663,1662,(5343;1)
1663,1664,(4956;1)
1664,1548,(28974;1)
1664,1663,(4956;1)
1665,1508,(1886;1)
1665,1527,(3964;1)
1665,1549,(992;1)
1666,1661,(6753;1)
1666,1667,(10500;1)
1667,1644,(2068;1)
1667,1666,(10500;1)
1668,1517,(782;1)
1668,1518,(912;1)
1669,1529,(697;1)
1669,1530,(1228;1)
1670,22,(6620;1)
1670,389,(947;1)
1671,1680,(1764;1)
1671,1682,(1370;1)
1672,1691,(13466;1)
1672,1693,(10736;1)
1673,159,(3518;1)
1673,473,(920;1)
1673,1686,(2309;1)
1673,1687,(7531;1)
1674,159,(3103;1)
1674,345,(33085;1)
1674,1679,(6891;1)
1674,1684,(4386;1)
1675,1677,(6202;1)
1675,1678,(24281;1)
1676,1468,(6860;1)
1676,1677,(11505;1)
1677,1675,(6202;1)
1677,1676,(11505;1)
1678,1675,(24281;1)
1678,1679,(27688;1)
1679,1674,(6891;1)
1679,1678,(27688;1)
1680,185,(3569;1)
1680,453,(2658;1)
1680,1671,(1764;1)
1680,1681,(13636;1)
1681,1680,(13636;1)
1681,1798,(474;1)
1682,1671,(1370;1)
1682,1683,(4896;1)
1683,1682,(4896;1)
1683,1684,(22105;1)
1684,1674,(4386;1)
1684,1683,(22105;1)
1685,1686,(10613;1)
1685,1689,(19527;1)
1686,1673,(2309;1)
1686,1685,(10613;1)
1687,1673,(7531;1)
1687,1693,(12189;1)
1688,1689,(15227;1)
1688,1694,(25413;1)
1689,1685,(19527;1)
1689,1688,(15227;1)
1690,1517,(2079;1)
1690,1692,(1793;1)
1691,1672,(13466;1)
1691,1692,(1929;1)
1692,1690,(1793;1)
1692,1691,(1929;1)
1693,539,(3305;1)
1693,540,(1299;1)
1693,1672,(10736;1)
1693,1687,(12189;1)
1694,1495,(9916;1)
1694,1688,(25413;1)
1695,1698,(2723;1)
1695,1712,(609;1)
1695,1713,(54267;1)
1696,1698,(4361;1)
1696,1725,(10983;1)
1697,49,(3618;1)
1697,1700,(15763;1)
1697,1703,(4785;1)
1697,1708,(2845;1)
1698,97,(4996;1)
1698,129,(57147;1)
1698,1695,(2723;1)
1698,1696,(4361;1)
1699,49,(4949;1)
1699,1702,(5564;1)
1699,1703,(3710;1)
1699,1704,(3689;1)
1700,114,(39828;1)
1700,1697,(15763;1)
1701,5,(51254;1)
1701,1165,(4858;1)
1702,48,(40161;1)
1702,1699,(5564;1)
1703,1697,(4785;1)
1703,1699,(3710;1)
1703,1719,(6859;1)
1704,1699,(3689;1)
1704,1732,(2450;1)
1704,1740,(53038;1)
1705,49,(3512;1)
1705,129,(60478;1)
1705,1706,(3516;1)
1705,1707,(4769;1)
1706,1705,(3516;1)
1706,1708,(758;1)
1706,1718,(764;1)
1707,1705,(4769;1)
1707,1731,(819;1)
1707,1741,(746;1)
1708,1697,(2845;1)
1708,1706,(758;1)
1709,129,(3034;1)
1709,1713,(3104;1)
1709,1714,(3352;1)
1709,1726,(4323;1)
1710,97,(2635;1)
1710,1711,(3677;1)
1710,1712,(4493;1)
1710,1722,(4587;1)
1711,1710,(3677;1)
1712,1695,(609;1)
1712,1710,(4493;1)
1713,1695,(54267;1)
1713,1709,(3104;1)
1714,1709,(3352;1)
1714,1718,(56139;1)
1715,21,(2818;1)
1715,27,(2623;1)
1716,27,(4012;1)
1716,1733,(5344;1)
1716,1734,(12919;1)
1717,1719,(100989;1)
1717,1750,(2304;1)
1718,1706,(764;1)
1718,1714,(56139;1)
1719,1703,(6859;1)
1719,1717,(100989;1)
1720,95,(8547;1)
1720,128,(38755;1)
1721,95,(10262;1)
1721,1722,(34930;1)
1722,1710,(4587;1)
1722,1721,(34930;1)
1723,1725,(43305;1)
1723,1727,(2501;1)
1724,1727,(1933;1)
1724,1730,(23595;1)
1725,1696,(10983;1)
1725,1723,(43305;1)
1726,130,(49219;1)
1726,1709,(4323;1)
1727,129,(4942;1)
1727,1164,(3135;1)
1727,1723,(2501;1)
1727,1724,(1933;1)
1728,1729,(11224;1)
1728,1741,(13111;1)
1729,1728,(11224;1)
1729,1730,(10193;1)
1730,1724,(23595;1)
1730,1729,(10193;1)
1731,1165,(2530;1)
1731,1707,(819;1)
1732,1165,(2860;1)
1732,1704,(2450;1)
1733,21,(3748;1)
1733,841,(27978;1)
1733,1716,(5344;1)
1733,1739,(4437;1)
1734,839,(3993;1)
1734,847,(7164;1)
1734,1716,(12919;1)
1734,1737,(14721;1)
1735,174,(3960;1)
1735,843,(28498;1)
1735,1736,(4121;1)
1735,1737,(1413;1)
1736,1735,(4121;1)
1736,1738,(3948;1)
1737,1734,(14721;1)
1737,1735,(1413;1)
1738,1736,(3948;1)
1738,1740,(20908;1)
1739,1521,(37042;1)
1739,1733,(4437;1)
1740,1704,(53038;1)
1740,1738,(20908;1)
1741,1707,(746;1)
1741,1728,(13111;1)
1742,267,(7519;1)
1742,326,(6218;1)
1743,323,(7036;1)
1743,327,(7483;1)
1744,288,(4602;1)
1744,327,(5231;1)
1745,288,(5198;1)
1745,293,(6788;1)
1746,1749,(15016;1)
1746,1750,(2396;1)
1747,1514,(7319;1)
1747,1748,(1431;1)
1748,1747,(1431;1)
1748,1749,(27081;1)
1749,1746,(15016;1)
1749,1748,(27081;1)
1750,27,(3350;1)
1750,1717,(2304;1)
1750,1746,(2396;1)
1750,1751,(54578;1)
1751,96,(3665;1)
1751,1750,(54578;1)
1752,85,(13634;1)
1752,89,(18066;1)
1753,258,(6619;1)
1753,303,(18847;1)
1754,122,(2846;1)
1754,1298,(4635;1)
1754,1760,(3206;1)
1754,1761,(2678;1)
1755,81,(2761;1)
1755,1762,(4433;1)
1755,1763,(4204;1)
1756,1765,(4298;1)
1756,1766,(5859;1)
1757,1758,(23325;1)
1757,1766,(16964;1)
1758,1757,(23325;1)
1758,1759,(9456;1)
1759,1758,(9456;1)
1759,1760,(10882;1)
1760,1754,(3206;1)
1760,1759,(10882;1)
1761,1754,(2678;1)
1761,1767,(15232;1)
1762,1755,(4433;1)
1762,1767,(5476;1)
1763,1755,(4204;1)
1763,1768,(34072;1)
1764,121,(3549;1)
1764,543,(27089;1)
1764,1768,(3442;1)
1765,74,(6708;1)
1765,1284,(16553;1)
1765,1756,(4298;1)
1766,1756,(5859;1)
1766,1757,(16964;1)
1767,1761,(15232;1)
1767,1762,(5476;1)
1768,1763,(34072;1)
1768,1764,(3442;1)
1769,122,(3719;1)
1769,1774,(3203;1)
1769,1776,(23093;1)
1770,121,(3229;1)
1770,1775,(39100;1)
1770,1778,(16550;1)
1771,81,(4712;1)
1771,892,(9376;1)
1771,1775,(2751;1)
1771,1776,(3953;1)
1772,1777,(5556;1)
1772,1778,(2040;1)
1773,131,(3844;1)
1773,753,(11574;1)
1773,1780,(9039;1)
1773,1781,(10105;1)
1774,1769,(3203;1)
1774,1779,(11267;1)
1775,1770,(39100;1)
1775,1771,(2751;1)
1776,1769,(23093;1)
1776,1771,(3953;1)
1777,111,(5212;1)
1777,902,(32548;1)
1777,1772,(5556;1)
1778,1770,(16550;1)
1778,1772,(2040;1)
1779,1774,(11267;1)
1779,1780,(7305;1)
1780,1773,(9039;1)
1780,1779,(7305;1)
1781,1773,(10105;1)
1781,1783,(30405;1)
1782,74,(5250;1)
1782,1285,(10005;1)
1782,1783,(7267;1)
1783,1781,(30405;1)
1783,1782,(7267;1)
1784,176,(5456;1)
1784,858,(16156;1)
1784,1001,(50540;1)
1785,853,(13795;1)
1785,1287,(7151;1)
1785,1786,(6060;1)
1785,1790,(2359;1)
1786,85,(3982;1)
1786,1001,(13194;1)
1786,1785,(6060;1)
1787,80,(59625;1)
1787,442,(6095;1)
1787,1788,(1607;1)
1788,1787,(1607;1)
1788,1790,(6169;1)
1789,1790,(52781;1)
1789,1793,(9375;1)
1790,1785,(2359;1)
1790,1788,(6169;1)
1790,1789,(52781;1)
1791,1793,(3270;1)
1791,1795,(52928;1)
1792,1794,(2817;1)
1792,1795,(7114;1)
1793,80,(25355;1)
1793,176,(4447;1)
1793,1789,(9375;1)
1793,1791,(3270;1)
1794,83,(5297;1)
1794,1792,(2817;1)
1795,1791,(52928;1)
1795,1792,(7114;1)
1796,29,(25791;1)
1796,1797,(19811;1)
1797,14,(2818;1)
1797,1796,(19811;1)
1798,244,(1818;1)
1798,1681,(474;1)
1799,1527,(2960;1)
1799,1541,(2896;1)
1800,50,(33269;1)
1800,743,(881;1)
1801,1510,(1140;1)
1801,1516,(3149;1)
1802,1520,(1321;1)
1802,1522,(47996;1)
1803,389,(1834;1)
1803,452,(4115;1)
1804,1513,(902;1)
1804,1613,(28412;1)
1805,1142,(7075;1)
1805,1384,(3473;1)
1805,1806,(8727;1)
1806,776,(765;1)
1806,1368,(6926;1)
1806,1805,(8727;1)
1807,1361,(5719;1)
1807,1375,(2140;1)
1807,1808,(4234;1)
1808,549,(2894;1)
1808,1807,(4234;1)
